customer_id,customer_name,segment,current_month,transactions_two_months_ago,transactions_last_month,transactions_current_month,average_transaction_value,number_of_channels,days_since_last_transaction,inactivity_probability,predicted_inactive,risk_category
C00001,Io Rune,Student,2026-09-01,8,4,5,145.39882352941177,4,5,0.011279590207944177,0,Low
C00002,Aurora Rune,Standard,2026-09-01,9,10,3,310.7245454545455,3,5,0.003744598778767386,0,Low
C00003,Lyra Ray,Standard,2026-09-01,5,5,2,394.6025,3,15,0.03482101679096398,0,Low
C00004,Titan Astro,Standard,2026-09-01,5,4,8,289.5864705882353,4,6,0.00869826717074084,0,Low
C00005,Nova Orbit,Standard,2026-09-01,5,5,4,291.17285714285714,3,13,0.020984308466555055,0,Low
C00006,Quasar Comet,Standard,2026-09-01,5,4,5,353.835,3,12,0.02022298279482371,0,Low
C00007,Zenith Meteor,Student,2026-09-01,3,3,5,158.85,3,15,0.038982206222507726,0,Low
C00008,Elara Vex,Standard,2026-09-01,3,3,3,272.0366666666667,2,12,0.06735214356979995,0,Medium
C00009,Zenith Solace,Student,2026-09-01,6,1,2,100.27333333333333,4,11,0.07431961083132518,0,Medium
C00010,Quasar Star,Business,2026-09-01,8,4,3,1583.2786666666666,3,9,0.015084245458373674,0,Low
C00011,Cygnus Astro,Standard,2026-09-01,5,6,4,283.372,4,8,0.015637668039903806,0,Low
C00012,Sol Lumen,Premium,2026-09-01,8,9,3,679.659,4,6,0.005081326255072429,0,Low
C00013,Astra Orbit,Standard,2026-09-01,5,6,4,285.1673333333333,3,6,0.01653440775589471,0,Low
C00014,Astra Spectra,Student,2026-09-01,5,2,1,182.95375,3,15,0.09401955990175062,0,Medium
C00015,Orion Comet,Standard,2026-09-01,2,2,2,341.09166666666664,2,11,0.12680596224361265,0,Medium
C00016,Altair Lumen,Standard,2026-09-01,7,3,4,322.9507142857143,3,6,0.023153701370489502,0,Low
C00017,Io Vector,Standard,2026-09-01,7,6,4,386.72823529411767,3,10,0.011015238844093726,0,Low
C00018,Rigel Void,Standard,2026-09-01,3,3,8,297.0042857142857,3,7,0.017192221706548674,0,Low
C00019,Astra Flux,Standard,2026-09-01,1,3,2,196.2,3,12,0.11837269893549243,0,Medium
C00020,Atlas Astro,Student,2026-09-01,7,2,3,110.85833333333333,3,11,0.03989147824904491,0,Low
C00021,Elara Pulse,Business,2026-09-01,9,9,3,1616.2119047619049,3,5,0.003638482822266077,0,Low
C00022,Rigel Quill,Premium,2026-09-01,6,4,1,869.24,3,17,0.043145687321906004,0,Low
C00023,Quasar Astro,Standard,2026-09-01,6,7,1,276.0335714285714,4,23,0.022474453681497048,0,Low
C00024,Nova Gravity,Business,2026-09-01,5,4,13,1384.1431818181818,4,5,0.0017881929971225437,0,Low
C00025,Vega Astro,Student,2026-09-01,2,3,2,133.53285714285715,2,6,0.10616148820407012,0,Medium
C00026,Atlas Drift,Standard,2026-09-01,2,4,0,441.47,3,35,0.12279534991477065,0,Medium
C00027,Andromeda Comet,Standard,2026-09-01,0,1,2,580.6366666666667,2,7,0.20701747263860182,1,High
C00028,Nebula Echo,Standard,2026-09-01,1,0,2,148.94,1,8,0.24166214876970016,1,High
C00029,Lyra Gravity,Student,2026-09-01,4,4,2,96.142,3,10,0.05646321133723806,0,Medium
C00030,Atlas Spectra,Business,2026-09-01,7,7,9,1756.5782608695652,3,5,0.0016760469457813608,0,Low
C00031,Andromeda Cosmos,Business,2026-09-01,7,7,4,1591.7655555555555,4,10,0.006337846002336112,0,Low
C00032,Elara Spectra,Standard,2026-09-01,4,8,5,312.46529411764703,4,13,0.008827165891307494,0,Low
C00033,Astra Echo,Standard,2026-09-01,6,5,3,258.67785714285714,4,10,0.02158635618486925,0,Low
C00034,Altair Echo,Standard,2026-09-01,7,2,5,273.4485714285714,3,12,0.02277958047324461,0,Low
C00035,Lyra Vale,Standard,2026-09-01,7,4,6,394.4258823529412,4,6,0.009916534485606261,0,Low
C00036,Draco Ray,Standard,2026-09-01,4,8,5,275.6970588235294,4,9,0.008908549338091291,0,Low
C00037,Astra Zen,Standard,2026-09-01,6,6,3,320.05133333333333,2,6,0.01871606454713877,0,Low
C00038,Zenith Cosmos,Standard,2026-09-01,2,4,3,277.08,3,11,0.060800521591318386,0,Medium
C00039,Io Rune,Standard,2026-09-01,1,5,5,360.41,3,7,0.03392358397754286,0,Low
C00040,Vega Echo,Standard,2026-09-01,6,4,3,402.4407692307692,4,5,0.026711253798844325,0,Low
C00041,Luna Void,Standard,2026-09-01,9,3,4,358.273125,3,8,0.01568560036030753,0,Low
C00042,Rigel Rune,Premium,2026-09-01,4,1,4,711.19,3,22,0.05989574906095343,0,Medium
C00043,Lyra Echo,Standard,2026-09-01,7,5,6,252.01388888888889,4,5,0.008003025513495339,0,Low
C00044,Elara Vale,Standard,2026-09-01,3,4,2,312.3855555555556,3,14,0.06484062365452879,0,Medium
C00045,Cygnus Star,Premium,2026-09-01,4,3,4,678.6263636363636,3,8,0.03787769864021747,0,Low
C00046,Draco Flux,Standard,2026-09-01,3,4,4,227.35636363636362,3,5,0.03951608224299041,0,Low
C00047,Rigel Vale,Standard,2026-09-01,3,9,2,292.0028571428571,3,20,0.019830604546065177,0,Low
C00048,Aria Orbit,Business,2026-09-01,4,4,0,1063.4825,2,32,0.0809927879291934,0,Medium
C00049,Lyra Meteor,Premium,2026-09-01,4,6,5,734.378,4,6,0.01320328397800846,0,Low
C00050,Altair Echo,Premium,2026-09-01,4,10,4,724.2927777777778,3,11,0.006875967892014148,0,Low
C00051,Calypso Solace,Standard,2026-09-01,7,6,0,311.9384615384615,3,37,0.03213375063734593,0,Low
C00052,Titan Comet,Standard,2026-09-01,3,0,0,312.46,3,65,0.23910225394988807,1,High
C00053,Nebula Vector,Business,2026-09-01,8,14,8,1346.281,3,11,0.00035066639158853815,0,Low
C00054,Andromeda Solace,Standard,2026-09-01,7,2,3,228.27166666666668,4,14,0.03685910669678394,0,Low
C00055,Atlas Drift,Business,2026-09-01,8,4,5,1142.134117647059,3,6,0.009680496440340981,0,Low
C00056,Cygnus Halo,Premium,2026-09-01,6,7,10,679.8291304347827,4,5,0.0018405556818431427,0,Low
C00057,Rigel Star,Business,2026-09-01,9,9,4,1322.8572727272726,4,7,0.002788955543654729,0,Low
C00058,Vega Gravity,Standard,2026-09-01,4,4,2,438.008,2,18,0.055466554525743825,0,Medium
C00059,Titan Comet,Premium,2026-09-01,7,8,6,1206.637619047619,3,6,0.0033156820207556957,0,Low
C00060,Sol Vale,Premium,2026-09-01,8,5,9,1115.6477272727273,4,5,0.002444335845077182,0,Low
C00061,Phoenix Flux,Standard,2026-09-01,3,7,6,337.06375,3,8,0.011002810000539447,0,Low
C00062,Stella Halo,Standard,2026-09-01,4,7,5,230.550625,4,8,0.011485298818218408,0,Low
C00063,Zenith Solace,Standard,2026-09-01,4,4,2,278.917,3,20,0.05424998088331895,0,Medium
C00064,Zenith Vale,Standard,2026-09-01,4,5,2,271.47727272727275,2,23,0.04528748733824247,0,Low
C00065,Zenith Halo,Business,2026-09-01,0,1,2,1852.5066666666667,2,6,0.16643108273444238,1,High
C00066,Astra Orbit,Business,2026-09-01,10,11,7,1497.3728571428571,4,7,0.0005994163529331021,0,Low
C00067,Phoenix Cosmos,Standard,2026-09-01,7,8,3,270.2261111111111,4,5,0.008585044165613362,0,Low
C00068,Orion Zen,Standard,2026-09-01,9,11,4,323.75166666666667,4,8,0.002103070439274216,0,Low
C00069,Astra Echo,Premium,2026-09-01,12,12,6,738.563,4,6,0.0004891619190400809,0,Low
C00070,Lyra Void,Premium,2026-09-01,10,8,3,874.9904761904762,3,9,0.004472995704446201,0,Low
C00071,Rigel Comet,Standard,2026-09-01,11,6,8,386.1876,4,9,0.001630256548941954,0,Low
C00072,Sol Vale,Premium,2026-09-01,4,8,1,765.0846153846154,4,19,0.023377489166979182,0,Low
C00073,Phoenix Cosmos,Business,2026-09-01,6,7,3,1547.17625,2,10,0.01135366407215058,0,Low
C00074,Altair Ray,Standard,2026-09-01,3,10,5,239.33,4,6,0.006678953680723638,0,Low
C00075,Rigel Spectra,Standard,2026-09-01,1,2,1,290.86,2,9,0.1896780804484216,1,High
C00076,Phoenix Meteor,Premium,2026-09-01,4,5,9,764.9261111111111,3,5,0.006038485406701726,0,Low
C00077,Nebula Nexus,Premium,2026-09-01,6,4,7,747.1482352941176,3,7,0.009019162359684942,0,Low
C00078,Nebula Halo,Standard,2026-09-01,5,5,2,361.9558333333333,4,9,0.03327019251326645,0,Low
C00079,Luna Meteor,Standard,2026-09-01,5,1,3,355.14666666666665,2,6,0.0731888856800731,0,Medium
C00080,Nebula Star,Standard,2026-09-01,7,3,3,235.77692307692308,3,8,0.030682871035493085,0,Low
C00081,Phoenix Vector,Standard,2026-09-01,1,3,0,289.5525,1,35,0.20094825004359648,1,High
C00082,Aurora Orbit,Standard,2026-09-01,3,1,9,358.01384615384615,3,9,0.021088595654841197,0,Low
C00083,Lyra Echo,Standard,2026-09-01,8,4,6,288.57166666666666,3,9,0.00883229054884287,0,Low
C00084,Orion Echo,Premium,2026-09-01,3,8,3,815.4364285714286,2,8,0.018431556776005623,0,Low
C00085,Io Solace,Student,2026-09-01,3,5,2,133.91,2,8,0.056289494820552045,0,Medium
C00086,Astra Flux,Business,2026-09-01,5,6,5,1023.579375,3,5,0.010848858774315817,0,Low
C00087,Astra Orbit,Standard,2026-09-01,8,2,3,243.8876923076923,3,7,0.032236702381845436,0,Low
C00088,Vega Vector,Student,2026-09-01,3,1,1,137.548,2,28,0.172370989686511,1,High
C00089,Andromeda Comet,Premium,2026-09-01,8,16,11,673.8951428571429,4,7,0.00010342251694117457,0,Low
C00090,Rigel Vector,Student,2026-09-01,5,6,6,100.78588235294117,3,5,0.01005475925777232,0,Low
C00091,Quasar Echo,Student,2026-09-01,1,1,3,185.11,2,9,0.15106300353887472,1,High
C00092,Astra Void,Standard,2026-09-01,7,5,8,341.3555,3,8,0.004835870931724155,0,Low
C00093,Phoenix Comet,Standard,2026-09-01,5,9,6,363.5605,4,7,0.004310448114257875,0,Low
C00094,Titan Flux,Standard,2026-09-01,7,9,9,267.1996,4,7,0.0013240052363075949,0,Low
C00095,Cygnus Cosmos,Standard,2026-09-01,9,4,3,312.781875,3,7,0.0162329480858224,0,Low
C00096,Quasar Solace,Business,2026-09-01,7,2,7,2217.704375,3,11,0.008904975152199497,0,Low
C00097,Nova Drift,Student,2026-09-01,3,3,1,178.50714285714287,2,6,0.11276166887711137,0,Medium
C00098,Aurora Halo,Business,2026-09-01,7,8,5,1583.2685,3,5,0.004016672090552444,0,Low
C00099,Stella Zen,Standard,2026-09-01,1,2,1,487.07,1,12,0.19180155019699557,1,High
C00100,Cygnus Flux,Standard,2026-09-01,2,5,1,277.61875,3,6,0.08023476036160346,0,Medium
C00101,Calypso Quill,Premium,2026-09-01,2,0,1,935.3666666666667,1,15,0.2253050805981951,1,High
C00102,Luna Vale,Standard,2026-09-01,7,4,2,448.9,3,13,0.030035646832073402,0,Low
C00103,Phoenix Pulse,Student,2026-09-01,8,2,5,138.798,3,6,0.01940581301962501,0,Low
C00104,Lyra Zen,Student,2026-09-01,1,1,2,122.7275,2,5,0.19154710724028676,1,High
C00105,Zenith Echo,Student,2026-09-01,4,3,0,98.14428571428572,3,54,0.11476983547304177,0,Medium
C00106,Astra Ray,Premium,2026-09-01,10,6,1,1014.4347058823529,4,29,0.011411368238193201,0,Low
C00107,Calypso Rune,Business,2026-09-01,11,3,9,1953.128695652174,4,6,0.0018728149089824733,0,Low
C00108,Quasar Drift,Premium,2026-09-01,9,7,4,902.0055,3,8,0.005267018673001316,0,Low
C00109,Luna Star,Premium,2026-09-01,2,2,8,677.1691666666667,3,6,0.02449047617840599,0,Low
C00110,Elara Pulse,Standard,2026-09-01,4,6,6,299.67875,4,5,0.01105796539714565,0,Low
C00111,Titan Star,Student,2026-09-01,7,1,3,156.82454545454544,3,21,0.049851182293648884,0,Low
C00112,Zenith Halo,Premium,2026-09-01,5,6,4,1011.222,3,8,0.014207595670887318,0,Low
C00113,Phoenix Quill,Student,2026-09-01,4,5,2,94.38909090909091,3,12,0.044651900178688676,0,Low
C00114,Zenith Astro,Student,2026-09-01,3,4,1,131.11375,3,15,0.08633274989862892,0,Medium
C00115,Aria Astro,Premium,2026-09-01,6,6,3,762.98,3,6,0.016154162740065012,0,Low
C00116,Cygnus Cosmos,Standard,2026-09-01,3,2,3,364.5875,3,10,0.07896948240749384,0,Medium
C00117,Lyra Void,Standard,2026-09-01,8,1,2,353.6309090909091,3,11,0.05175160713759457,0,Medium
C00118,Calypso Pulse,Standard,2026-09-01,4,4,3,303.0945454545455,3,14,0.041771724749304476,0,Low
C00119,Cosmo Drift,Standard,2026-09-01,2,3,2,280.32428571428574,2,9,0.10315257593056698,0,Medium
C00120,Sol Halo,Standard,2026-09-01,2,5,4,298.59727272727275,3,6,0.03702310479431704,0,Low
C00121,Aurora Cosmos,Premium,2026-09-01,6,8,3,728.9376470588236,4,22,0.009397173534818518,0,Low
C00122,Io Lumen,Standard,2026-09-01,6,5,5,210.85,4,10,0.012779660602094506,0,Low
C00123,Astra Pulse,Standard,2026-09-01,4,6,5,308.02933333333334,4,12,0.014396976124307619,0,Low
C00124,Rigel Nexus,Standard,2026-09-01,4,6,5,343.4046666666667,4,9,0.014307213820125782,0,Low
C00125,Titan Vector,Standard,2026-09-01,2,3,5,270.365,3,5,0.04607668251905688,0,Low
C00126,Cosmo Comet,Student,2026-09-01,2,6,1,125.70333333333333,3,17,0.06549999763394711,0,Medium
C00127,Aurora Zen,Student,2026-09-01,6,2,4,94.45916666666666,3,14,0.03712025762706269,0,Low
C00128,Vega Ray,Standard,2026-09-01,9,7,5,349.20952380952383,4,5,0.004273165002895962,0,Low
C00129,Titan Halo,Standard,2026-09-01,2,6,8,382.6325,3,5,0.009862175219805551,0,Low
C00130,Titan Flux,Standard,2026-09-01,4,5,3,321.7183333333333,4,11,0.0311066684272653,0,Low
C00131,Draco Zen,Standard,2026-09-01,7,0,6,289.16153846153844,4,8,0.02672430125093311,0,Low
C00132,Draco Rune,Standard,2026-09-01,7,3,3,331.9730769230769,4,17,0.028391388640974603,0,Low
C00133,Calypso Vale,Standard,2026-09-01,1,3,1,361.82,2,28,0.15174883923840465,1,High
C00134,Lyra Echo,Premium,2026-09-01,6,5,6,867.0370588235294,4,5,0.008532275188136575,0,Low
C00135,Andromeda Echo,Standard,2026-09-01,7,2,5,247.81642857142856,4,5,0.021729423848948923,0,Low
C00136,Altair Cosmos,Premium,2026-09-01,6,5,11,922.8945454545454,4,8,0.002179654569709824,0,Low
C00137,Aurora Rune,Premium,2026-09-01,4,10,1,761.3826666666666,4,12,0.014451021937428539,0,Low
C00138,Luna Echo,Premium,2026-09-01,7,12,8,848.5481481481481,4,14,0.0007314489199864316,0,Low
C00139,Cygnus Lumen,Standard,2026-09-01,16,5,1,279.2518181818182,4,24,0.0053552961109040835,0,Low
C00140,Titan Star,Standard,2026-09-01,2,0,1,217.83666666666667,1,18,0.2526260867476806,1,High
C00141,Io Solace,Standard,2026-09-01,4,5,4,302.8884615384615,4,15,0.023942030557989647,0,Low
C00142,Atlas Void,Standard,2026-09-01,5,3,5,317.1753846153846,2,12,0.0273925676841324,0,Low
C00143,Andromeda Gravity,Business,2026-09-01,12,13,7,1131.599375,4,5,0.00026825183672530184,0,Low
C00144,Titan Star,Business,2026-09-01,5,12,1,1655.236111111111,3,29,0.00637408750829162,0,Low
C00145,Cygnus Vex,Standard,2026-09-01,2,6,1,338.51,3,24,0.06264910119370572,0,Medium
C00146,Andromeda Void,Standard,2026-09-01,6,1,2,411.5422222222222,3,8,0.07375143295709022,0,Medium
C00147,Nova Spectra,Premium,2026-09-01,6,3,8,795.79,3,7,0.008710385598502,0,Low
C00148,Io Vector,Standard,2026-09-01,6,6,3,276.79,3,14,0.017816667229377997,0,Low
C00149,Draco Vex,Standard,2026-09-01,5,4,7,323.564375,4,5,0.011305882326923524,0,Low
C00150,Vega Orbit,Standard,2026-09-01,4,10,5,266.19157894736844,4,7,0.005472410147369519,0,Low
C00151,Elara Halo,Standard,2026-09-01,6,3,6,244.84933333333333,3,10,0.01669127515925852,0,Low
C00152,Vega Pulse,Student,2026-09-01,5,2,1,133.325,3,28,0.09449864051516588,0,Medium
C00153,Rigel Vector,Standard,2026-09-01,8,4,5,294.8735294117647,4,5,0.010933035074746503,0,Low
C00154,Quasar Zen,Student,2026-09-01,1,2,3,180.76,2,7,0.12224123552189194,0,Medium
C00155,Atlas Star,Business,2026-09-01,5,10,8,1498.5221739130434,4,10,0.0015419823494483564,0,Low
C00156,Io Meteor,Student,2026-09-01,2,5,4,111.65454545454546,3,7,0.03844234097858785,0,Low
C00157,Rigel Cosmos,Standard,2026-09-01,2,1,5,262.96375,3,7,0.0733758153002262,0,Medium
C00158,Vega Astro,Standard,2026-09-01,5,3,2,344.222,3,7,0.05652145672620177,0,Medium
C00159,Sol Cosmos,Business,2026-09-01,4,6,8,1369.391111111111,3,5,0.00545214427180987,0,Low
C00160,Atlas Pulse,Business,2026-09-01,2,12,4,1349.3927777777778,3,6,0.005444950950017157,0,Low
C00161,Atlas Vex,Student,2026-09-01,5,6,5,112.85,4,6,0.012404728266797675,0,Low
C00162,Aria Void,Standard,2026-09-01,3,3,1,288.31142857142856,3,23,0.104454231661921,0,Medium
C00163,Altair Spectra,Business,2026-09-01,6,9,5,1833.044,4,6,0.0034188419931965334,0,Low
C00164,Zenith Comet,Student,2026-09-01,1,0,4,81.606,1,12,0.15787368638251623,1,High
C00165,Phoenix Ray,Premium,2026-09-01,3,6,1,796.956,4,16,0.0452169252843971,0,Low
C00166,Stella Vale,Student,2026-09-01,3,5,2,104.468,2,11,0.0565606399846768,0,Medium
C00167,Calypso Astro,Standard,2026-09-01,5,6,5,248.60625,3,8,0.01273855900046761,0,Low
C00168,Altair Comet,Business,2026-09-01,4,12,5,1359.7571428571428,4,8,0.0026585820737674007,0,Low
C00169,Cygnus Quill,Standard,2026-09-01,7,7,2,283.726875,4,5,0.014293198182237447,0,Low
C00170,Sol Comet,Premium,2026-09-01,3,0,2,612.198,2,7,0.1562842006625272,1,High
C00171,Calypso Halo,Business,2026-09-01,6,7,5,1481.185,3,16,0.006338985433969702,0,Low
C00172,Quasar Zen,Standard,2026-09-01,4,8,3,307.90866666666665,4,18,0.015087296094245146,0,Low
C00173,Calypso Star,Student,2026-09-01,0,0,2,86.445,2,11,0.27023919177997174,1,High
C00174,Quasar Astro,Standard,2026-09-01,1,1,0,391.15,1,47,0.2864251692251061,1,High
C00175,Orion Comet,Standard,2026-09-01,7,4,3,369.1221428571429,3,5,0.023506985720677526,0,Low
C00176,Astra Nexus,Premium,2026-09-01,13,2,4,804.1694736842105,3,9,0.008454201845141689,0,Low
C00177,Lyra Meteor,Premium,2026-09-01,3,8,3,721.8335714285714,3,6,0.01779503289534009,0,Low
C00178,Altair Flux,Standard,2026-09-01,4,10,5,287.27684210526314,4,5,0.00545229448178424,0,Low
C00179,Calypso Quill,Business,2026-09-01,8,7,5,1399.242,3,10,0.004390316164621711,0,Low
C00180,Cygnus Drift,Standard,2026-09-01,1,2,1,166.3725,2,20,0.19310814110049845,1,High
C00181,Cygnus Star,Business,2026-09-01,12,14,4,1278.4016666666666,4,6,0.00045875281664852933,0,Low
C00182,Elara Solace,Premium,2026-09-01,8,14,4,1054.3496153846154,4,7,0.0010457550053118768,0,Low
C00183,Calypso Pulse,Standard,2026-09-01,1,0,0,412.89,1,80,0.3355927097581002,1,High
C00184,Aurora Zen,Student,2026-09-01,7,4,7,112.12333333333333,4,5,0.008040067328741055,0,Low
C00185,Zenith Echo,Premium,2026-09-01,9,6,8,875.334347826087,4,8,0.002168699485983982,0,Low
C00186,Io Astro,Standard,2026-09-01,6,3,3,264.04333333333335,3,5,0.036851157613126635,0,Low
C00187,Zenith Gravity,Standard,2026-09-01,5,1,4,290.064,3,6,0.05453154219248994,0,Medium
C00188,Stella Orbit,Standard,2026-09-01,1,0,2,242.91666666666666,2,7,0.22804968028718697,1,High
C00189,Zenith Nexus,Business,2026-09-01,5,7,7,1457.1584210526316,4,8,0.00427040557530846,0,Low
C00190,Draco Star,Student,2026-09-01,2,2,0,126.3225,1,58,0.21379779140001845,1,High
C00191,Atlas Echo,Business,2026-09-01,8,12,11,1410.0364516129032,4,10,0.00023726377083456744,0,Low
C00192,Elara Quill,Standard,2026-09-01,7,4,4,346.4653333333333,4,12,0.017082984121722072,0,Low
C00193,Aurora Spectra,Premium,2026-09-01,1,4,3,842.01,3,6,0.06535013077754899,0,Medium
C00194,Vega Spectra,Standard,2026-09-01,0,0,1,197.85,1,22,0.3333413843363531,1,High
C00195,Rigel Comet,Standard,2026-09-01,8,5,8,277.56190476190477,3,7,0.004040189683847069,0,Low
C00196,Cygnus Lumen,Premium,2026-09-01,12,6,9,915.8837037037038,4,7,0.0009160639386617192,0,Low
C00197,Orion Star,Standard,2026-09-01,1,0,1,262.08,1,10,0.2897517002904359,1,High
C00198,Atlas Pulse,Standard,2026-09-01,5,2,6,372.16692307692307,4,5,0.02374894456502257,0,Low
C00199,Aurora Gravity,Business,2026-09-01,5,3,6,1596.817857142857,3,6,0.015283946619040584,0,Low
C00200,Andromeda Cosmos,Standard,2026-09-01,10,4,8,300.295,4,5,0.00330227385956805,0,Low
C00201,Cygnus Echo,Standard,2026-09-01,7,0,2,270.2311111111111,4,17,0.07530361835479953,0,Medium
C00202,Io Drift,Standard,2026-09-01,6,1,1,238.71,3,27,0.097138265552199,0,Medium
C00203,Cygnus Vex,Premium,2026-09-01,2,1,2,835.142,2,6,0.1436652315288367,0,Medium
C00204,Orion Comet,Business,2026-09-01,12,6,9,1744.4044444444444,4,6,0.0007694636170926064,0,Low
C00205,Quasar Halo,Premium,2026-09-01,4,7,6,691.4888235294118,4,5,0.007978802138577866,0,Low
C00206,Atlas Meteor,Standard,2026-09-01,0,1,0,307.09,1,60,0.33058983204107223,1,High
C00207,Rigel Void,Standard,2026-09-01,3,10,6,318.2631578947368,4,8,0.0050107943824742,0,Low
C00208,Zenith Echo,Standard,2026-09-01,5,3,1,204.9911111111111,3,20,0.0745511696887682,0,Medium
C00209,Atlas Gravity,Standard,2026-09-01,4,1,4,407.9844444444444,3,7,0.06393850446692803,0,Medium
C00210,Quasar Drift,Premium,2026-09-01,12,3,10,1012.6964,4,7,0.0014333367157424888,0,Low
C00211,Andromeda Vale,Standard,2026-09-01,5,4,1,223.0,3,21,0.05898234768001016,0,Medium
C00212,Draco Pulse,Premium,2026-09-01,5,13,1,774.9915789473685,4,15,0.005702660035953385,0,Low
C00213,Cygnus Vex,Standard,2026-09-01,7,6,4,418.49470588235295,3,13,0.010930273125653363,0,Low
C00214,Sol Meteor,Standard,2026-09-01,3,6,0,264.6088888888889,2,34,0.07174917507866249,0,Medium
C00215,Andromeda Nexus,Standard,2026-09-01,7,8,3,270.39166666666665,4,8,0.008575194994266712,0,Low
C00216,Titan Rune,Student,2026-09-01,3,3,5,90.80909090909091,2,15,0.0417175601240836,0,Low
C00217,Astra Cosmos,Student,2026-09-01,3,8,2,153.68153846153845,3,13,0.02603527312306036,0,Low
C00218,Vega Comet,Standard,2026-09-01,7,4,6,340.63882352941175,3,8,0.01059547434021349,0,Low
C00219,Atlas Spectra,Standard,2026-09-01,7,4,4,313.94666666666666,4,12,0.017198641623016948,0,Low
C00220,Vega Gravity,Student,2026-09-01,3,4,5,95.97666666666667,2,6,0.03296790962684279,0,Low
C00221,Rigel Halo,Premium,2026-09-01,2,8,5,911.0413333333333,4,12,0.011450250189640352,0,Low
C00222,Calypso Cosmos,Business,2026-09-01,4,5,2,1445.7336363636364,3,14,0.03392080754497921,0,Low
C00223,Vega Solace,Standard,2026-09-01,6,3,7,325.63625,4,7,0.01189225432316674,0,Low
C00224,Vega Drift,Standard,2026-09-01,3,4,2,258.6822222222222,3,26,0.06525698138257707,0,Medium
C00225,Stella Halo,Premium,2026-09-01,4,9,11,700.2008333333333,4,5,0.0012586384455152695,0,Low
C00226,Calypso Lumen,Standard,2026-09-01,2,6,1,257.85333333333335,3,7,0.06403684665477985,0,Medium
C00227,Nebula Comet,Standard,2026-09-01,5,3,3,319.26,3,7,0.04388457826497828,0,Low
C00228,Elara Vex,Student,2026-09-01,2,3,2,165.52,2,21,0.10499363124298212,0,Medium
C00229,Aria Ray,Standard,2026-09-01,4,8,8,306.2875,3,5,0.004171288341242345,0,Low
C00230,Nebula Gravity,Student,2026-09-01,1,4,2,146.09,2,19,0.10061372207153145,0,Medium
C00231,Orion Flux,Student,2026-09-01,5,2,3,115.551,3,14,0.05763974419036077,0,Medium
C00232,Sol Vector,Standard,2026-09-01,2,7,4,291.27076923076925,3,6,0.02296728849318472,0,Low
C00233,Cosmo Nexus,Standard,2026-09-01,5,2,3,334.573,4,17,0.05226045008229027,0,Medium
C00234,Calypso Solace,Standard,2026-09-01,6,5,6,379.19588235294117,4,9,0.00943511758795063,0,Low
C00235,Elara Meteor,Standard,2026-09-01,1,1,2,538.2675,1,6,0.18667113413258987,1,High
C00236,Quasar Flux,Standard,2026-09-01,3,4,3,370.557,3,8,0.04971515255612406,0,Low
C00237,Aurora Cosmos,Standard,2026-09-01,1,2,4,256.38714285714286,2,7,0.09457822031043583,0,Medium
C00238,Aria Halo,Standard,2026-09-01,4,6,4,245.18214285714285,4,16,0.01902426609089573,0,Low
C00239,Cygnus Vex,Premium,2026-09-01,6,8,7,849.72,4,8,0.003126553439277755,0,Low
C00240,Io Cosmos,Standard,2026-09-01,4,1,2,497.14142857142855,4,16,0.09805820573113465,0,Medium
C00241,Luna Meteor,Student,2026-09-01,1,3,4,134.2775,3,13,0.07320305881694604,0,Medium
C00242,Vega Echo,Premium,2026-09-01,11,4,5,856.657,4,6,0.005447254774747511,0,Low
C00243,Nebula Gravity,Standard,2026-09-01,5,2,4,235.10090909090908,3,6,0.04360279704863815,0,Low
C00244,Io Rune,Standard,2026-09-01,9,7,2,390.49,3,24,0.00999381002937488,0,Low
C00245,Io Flux,Standard,2026-09-01,8,6,2,243.525,4,9,0.015153686976152448,0,Low
C00246,Andromeda Flux,Standard,2026-09-01,3,4,7,260.21285714285716,3,10,0.01773302821480689,0,Low
C00247,Quasar Solace,Standard,2026-09-01,2,3,11,289.721875,4,6,0.008829105060645794,0,Low
C00248,Andromeda Comet,Standard,2026-09-01,4,4,6,396.39,3,12,0.01858372303517942,0,Low
C00249,Io Star,Premium,2026-09-01,3,7,5,792.95,3,19,0.013031476685606006,0,Low
C00250,Nebula Vector,Standard,2026-09-01,2,4,5,328.49454545454546,4,10,0.03397788481530057,0,Low
C00251,Lyra Astro,Premium,2026-09-01,10,10,11,962.5654838709678,4,7,0.00028985986104643554,0,Low
C00252,Altair Halo,Standard,2026-09-01,6,2,4,265.0475,3,11,0.03589311682387027,0,Low
C00253,Phoenix Meteor,Standard,2026-09-01,4,6,0,285.741,3,30,0.056582806521931,0,Medium
C00254,Phoenix Lumen,Standard,2026-09-01,5,5,3,301.89923076923077,3,23,0.027195067945768755,0,Low
C00255,Titan Vector,Standard,2026-09-01,4,2,3,354.6722222222222,3,10,0.0660661337556533,0,Medium
C00256,Zenith Star,Standard,2026-09-01,8,7,5,315.966,3,7,0.005518393136607415,0,Low
C00257,Orion Astro,Standard,2026-09-01,4,3,1,329.755,2,18,0.09164853209476985,0,Medium
C00258,Elara Star,Student,2026-09-01,4,1,1,132.54333333333332,3,22,0.13987515626384645,0,Medium
C00259,Phoenix Vex,Premium,2026-09-01,12,7,6,900.3776,4,6,0.0016216022946742665,0,Low
C00260,Io Lumen,Standard,2026-09-01,8,6,5,350.84263157894736,4,5,0.006624737887812812,0,Low
C00261,Elara Astro,Student,2026-09-01,0,8,3,124.09636363636363,4,10,0.03359336217151391,0,Low
C00262,Calypso Cosmos,Standard,2026-09-01,7,11,0,375.7038888888889,4,32,0.008952303624976548,0,Low
C00263,Cosmo Comet,Standard,2026-09-01,5,4,2,263.58272727272725,3,15,0.04531783551340541,0,Low
C00264,Nebula Rune,Student,2026-09-01,4,5,7,115.65,3,8,0.011840345597282961,0,Low
C00265,Phoenix Meteor,Premium,2026-09-01,6,9,8,815.3086956521739,3,12,0.001983298122607686,0,Low
C00266,Titan Meteor,Student,2026-09-01,5,6,7,113.60944444444445,4,6,0.007241780274330373,0,Low
C00267,Calypso Gravity,Business,2026-09-01,15,8,9,1510.9771875,4,6,0.0002755382553119827,0,Low
C00268,Aurora Vector,Standard,2026-09-01,0,1,0,580.18,1,48,0.3189328112541301,1,High
C00269,Draco Ray,Premium,2026-09-01,2,1,0,1815.5233333333333,2,54,0.18742172778454674,1,High
C00270,Cygnus Star,Standard,2026-09-01,0,0,3,244.51333333333332,3,11,0.20510059518763654,1,High
C00271,Cosmo Meteor,Business,2026-09-01,5,4,6,1345.998,3,8,0.01261589909602342,0,Low
C00272,Zenith Halo,Student,2026-09-01,0,2,3,95.134,2,15,0.14655481041126753,0,Medium
C00273,Nebula Vex,Standard,2026-09-01,2,8,4,240.2657142857143,3,6,0.018227368010035723,0,Low
C00274,Stella Vex,Student,2026-09-01,2,2,0,239.955,1,31,0.21147339897116016,1,High
C00275,Stella Vale,Standard,2026-09-01,9,3,3,250.25533333333334,3,14,0.020897402808144557,0,Low
C00276,Lyra Drift,Standard,2026-09-01,4,2,2,360.15875,2,20,0.08901547863302825,0,Medium
C00277,Io Comet,Standard,2026-09-01,1,0,2,549.8066666666666,2,7,0.21684532462526043,1,High
C00278,Draco Lumen,Student,2026-09-01,3,5,3,146.33818181818182,3,18,0.04094914178958675,0,Low
C00279,Nova Vex,Standard,2026-09-01,7,0,2,283.4111111111111,3,8,0.079361918573391,0,Medium
C00280,Aurora Meteor,Standard,2026-09-01,5,3,2,319.248,3,9,0.056763181168865876,0,Medium
C00281,Vega Vale,Standard,2026-09-01,6,6,6,373.3977777777778,3,5,0.007832835216515894,0,Low
C00282,Vega Zen,Standard,2026-09-01,4,7,2,351.6707692307692,4,8,0.024945272958010106,0,Low
C00283,Astra Lumen,Standard,2026-09-01,2,6,4,200.18916666666667,3,13,0.029681909826080433,0,Low
C00284,Astra Solace,Standard,2026-09-01,8,5,3,289.481875,4,5,0.014667793615539557,0,Low
C00285,Zenith Vex,Standard,2026-09-01,3,5,7,275.05066666666664,4,9,0.013122086998416185,0,Low
C00286,Elara Zen,Premium,2026-09-01,11,9,6,813.8357692307692,4,7,0.001224595520253982,0,Low
C00287,Nova Drift,Standard,2026-09-01,3,1,1,201.874,3,25,0.1627815395548024,1,High
C00288,Altair Gravity,Standard,2026-09-01,4,2,3,282.56444444444446,4,6,0.06366538802214891,0,Medium
C00289,Io Orbit,Business,2026-09-01,10,1,5,1277.8125,4,5,0.012604141706885029,0,Low
C00290,Atlas Vex,Standard,2026-09-01,4,6,5,370.096,4,11,0.014217468317938216,0,Low
C00291,Cosmo Vale,Business,2026-09-01,11,10,5,1379.6711538461539,4,5,0.0011150399266347166,0,Low
C00292,Rigel Zen,Standard,2026-09-01,2,7,3,280.36,4,14,0.028310306019549692,0,Low
C00293,Quasar Vale,Standard,2026-09-01,4,9,5,434.9561111111111,3,8,0.007135621417349304,0,Low
C00294,Elara Gravity,Business,2026-09-01,12,5,7,1574.43625,3,9,0.0018550894507711104,0,Low
C00295,Luna Zen,Standard,2026-09-01,7,6,3,263.515,4,6,0.014000533879718915,0,Low
C00296,Lyra Gravity,Standard,2026-09-01,0,2,1,140.86333333333334,2,18,0.22628743796518389,1,High
C00297,Luna Halo,Standard,2026-09-01,7,7,7,321.38238095238097,4,10,0.003678527091888632,0,Low
C00298,Nebula Star,Premium,2026-09-01,3,3,8,941.0378571428571,2,7,0.015896702225855677,0,Low
C00299,Cygnus Drift,Standard,2026-09-01,4,1,1,295.04333333333335,2,26,0.14235968277950006,0,Medium
C00300,Stella Void,Standard,2026-09-01,2,12,6,335.9925,3,6,0.003923160764724053,0,Low
C00301,Aria Gravity,Business,2026-09-01,6,7,4,1314.96,4,12,0.008140272555945871,0,Low
C00302,Calypso Vector,Standard,2026-09-01,2,0,4,232.805,2,13,0.12377655453062221,0,Medium
C00303,Zenith Drift,Business,2026-09-01,9,9,7,1239.3832,4,7,0.001258507693671786,0,Low
C00304,Calypso Vector,Standard,2026-09-01,5,4,3,297.58416666666665,3,13,0.03469864570894895,0,Low
C00305,Aria Drift,Standard,2026-09-01,5,2,1,233.99875,2,5,0.09830108894620021,0,Medium
C00306,Vega Quill,Standard,2026-09-01,1,4,0,581.828,1,31,0.15612606703345513,1,High
C00307,Vega Void,Student,2026-09-01,0,0,1,180.17,1,19,0.3344212490899629,1,High
C00308,Nebula Lumen,Standard,2026-09-01,4,0,3,258.81714285714287,3,5,0.1059179573892874,0,Medium
C00309,Cygnus Orbit,Business,2026-09-01,7,5,5,1108.4135294117648,4,11,0.008737865203621466,0,Low
C00310,Titan Vex,Standard,2026-09-01,1,2,0,402.62,1,32,0.23932725040060898,1,High
C00311,Titan Lumen,Student,2026-09-01,0,4,3,123.69142857142857,4,22,0.08497106097205125,0,Medium
C00312,Cosmo Flux,Student,2026-09-01,3,1,3,118.14714285714285,3,6,0.10375766404153641,0,Medium
C00313,Altair Drift,Student,2026-09-01,7,7,1,106.742,3,29,0.020287403763382804,0,Low
C00314,Lyra Vex,Standard,2026-09-01,3,6,8,276.61882352941177,3,5,0.008316461238155914,0,Low
C00315,Quasar Cosmos,Standard,2026-09-01,3,5,1,299.6122222222222,2,21,0.06994546024724535,0,Medium
C00316,Cygnus Vector,Standard,2026-09-01,4,10,11,314.7436,4,5,0.0010669926109745792,0,Low
C00317,Luna Flux,Standard,2026-09-01,6,2,1,178.76555555555555,3,7,0.07899744894018897,0,Medium
C00318,Aria Flux,Standard,2026-09-01,2,2,0,324.14,2,35,0.1991461330790378,1,High
C00319,Astra Drift,Business,2026-09-01,10,4,2,1087.41,4,6,0.01411099901496757,0,Low
C00320,Io Halo,Standard,2026-09-01,3,5,0,244.94875,3,34,0.08583976771136187,0,Medium
C00321,Lyra Nexus,Premium,2026-09-01,5,8,6,903.0247368421053,4,8,0.004918099666552028,0,Low
C00322,Calypso Meteor,Standard,2026-09-01,6,5,0,375.1118181818182,2,37,0.05112245739903523,0,Medium
C00323,Nova Vex,Business,2026-09-01,5,7,10,1362.8427272727272,3,5,0.002047008863063334,0,Low
C00324,Cosmo Solace,Premium,2026-09-01,4,8,6,695.9272222222222,3,11,0.006583453720590749,0,Low
C00325,Io Halo,Premium,2026-09-01,1,6,5,774.6241666666666,3,7,0.024522553279472063,0,Low
C00326,Calypso Pulse,Standard,2026-09-01,6,4,2,283.605,3,11,0.037513522047762114,0,Low
C00327,Stella Zen,Standard,2026-09-01,4,5,9,357.2027777777778,3,6,0.006575268547824596,0,Low
C00328,Titan Comet,Business,2026-09-01,4,5,4,1217.1607692307691,3,7,0.021008283911026618,0,Low
C00329,Aria Halo,Standard,2026-09-01,7,6,5,351.46944444444443,4,8,0.0080249543237022,0,Low
C00330,Cygnus Echo,Standard,2026-09-01,1,1,2,431.4775,2,7,0.18154436617933897,1,High
C00331,Andromeda Cosmos,Business,2026-09-01,6,3,5,1442.6757142857143,4,10,0.016086032353969226,0,Low
C00332,Altair Gravity,Standard,2026-09-01,1,6,1,326.81625,3,5,0.07575189633302902,0,Medium
C00333,Aria Vector,Business,2026-09-01,10,5,11,1568.6534615384614,4,7,0.000875354420495118,0,Low
C00334,Elara Nexus,Business,2026-09-01,13,4,7,1782.13375,4,8,0.0017693029623798593,0,Low
C00335,Orion Vale,Standard,2026-09-01,0,4,5,351.4277777777778,2,7,0.05469330146059207,0,Medium
C00336,Nova Rune,Standard,2026-09-01,6,5,3,547.5185714285715,3,20,0.021409258864919838,0,Low
C00337,Quasar Pulse,Standard,2026-09-01,2,7,3,270.51416666666665,2,6,0.03173357087125552,0,Low
C00338,Cosmo Drift,Standard,2026-09-01,2,5,3,255.065,4,19,0.04570202936494702,0,Low
C00339,Quasar Halo,Student,2026-09-01,4,2,3,97.83777777777777,3,21,0.06922568270419485,0,Medium
C00340,Vega Flux,Standard,2026-09-01,3,6,1,331.511,3,21,0.05228626258069418,0,Medium
C00341,Zenith Flux,Premium,2026-09-01,5,4,8,605.2429411764706,4,9,0.008133009633563474,0,Low
C00342,Orion Vale,Student,2026-09-01,5,7,1,144.81846153846155,4,7,0.028071049202326705,0,Low
C00343,Atlas Meteor,Standard,2026-09-01,3,6,6,304.592,4,8,0.013370630418118437,0,Low
C00344,Elara Meteor,Premium,2026-09-01,7,2,0,716.1222222222223,3,51,0.07524779139572782,0,Medium
C00345,Rigel Zen,Standard,2026-09-01,3,1,2,469.69666666666666,2,6,0.12983308776188032,0,Medium
C00346,Calypso Rune,Premium,2026-09-01,11,5,2,1211.3538888888888,3,13,0.009375475545870003,0,Low
C00347,Draco Void,Premium,2026-09-01,10,8,7,816.7248,4,11,0.0014474644240670429,0,Low
C00348,Luna Nexus,Student,2026-09-01,4,3,3,110.22,2,8,0.05803921587263663,0,Medium
C00349,Calypso Echo,Premium,2026-09-01,4,4,3,1294.2581818181818,3,15,0.03414193169826126,0,Low
C00350,Cygnus Comet,Standard,2026-09-01,10,4,6,302.922,4,8,0.00566228568545092,0,Low
C00351,Quasar Meteor,Business,2026-09-01,6,3,3,1152.3591666666666,3,17,0.03060972073246725,0,Low
C00352,Aria Ray,Standard,2026-09-01,2,1,6,269.41777777777776,4,12,0.05380294258048835,0,Medium
C00353,Phoenix Orbit,Business,2026-09-01,3,7,4,1260.3021428571428,3,10,0.01550548080275043,0,Low
C00354,Calypso Gravity,Premium,2026-09-01,5,2,1,890.2175,4,14,0.0779337762144221,0,Medium
C00355,Sol Halo,Standard,2026-09-01,3,3,4,346.278,2,7,0.051488900911679694,0,Medium
C00356,Titan Ray,Standard,2026-09-01,2,6,1,311.5411111111111,3,16,0.06316123498850032,0,Medium
C00357,Aurora Void,Standard,2026-09-01,1,3,0,239.625,2,31,0.19393467922198598,1,High
C00358,Elara Drift,Standard,2026-09-01,1,2,2,189.778,2,16,0.15381132982357515,1,High
C00359,Lyra Drift,Premium,2026-09-01,8,14,4,961.8761538461539,4,6,0.001066748218885063,0,Low
C00360,Rigel Void,Premium,2026-09-01,6,10,4,1142.9885,4,5,0.004053571571646928,0,Low
C00361,Aurora Solace,Standard,2026-09-01,6,4,4,422.1064285714286,4,8,0.02038215679528581,0,Low
C00362,Astra Vale,Standard,2026-09-01,5,6,7,310.08666666666664,4,9,0.0069418401455117636,0,Low
C00363,Quasar Flux,Business,2026-09-01,12,9,6,1704.0037037037036,4,10,0.0008348849893914809,0,Low
C00364,Draco Zen,Student,2026-09-01,6,2,2,125.676,4,11,0.05873044048538961,0,Medium
C00365,Io Vale,Premium,2026-09-01,7,6,5,857.6194444444444,3,7,0.0076352047851665815,0,Low
C00366,Aurora Vale,Standard,2026-09-01,2,2,1,357.364,2,7,0.1597880885909177,1,High
C00367,Orion Pulse,Standard,2026-09-01,2,0,0,267.475,2,61,0.28989381974122913,1,High
C00368,Nova Star,Premium,2026-09-01,6,3,5,1101.2585714285715,3,5,0.018282945028802896,0,Low
C00369,Io Halo,Standard,2026-09-01,0,1,0,187.33,1,31,0.3386355108200825,1,High
C00370,Cygnus Void,Student,2026-09-01,1,4,3,121.03375,3,20,0.0749210991071786,0,Medium
C00371,Cygnus Astro,Student,2026-09-01,2,2,2,96.99833333333333,2,12,0.13257941232107756,0,Medium
C00372,Nebula Solace,Standard,2026-09-01,1,1,0,247.5,1,60,0.2916571789776779,1,High
C00373,Stella Nexus,Standard,2026-09-01,6,4,6,284.366875,3,11,0.012977081922510215,0,Low
C00374,Atlas Zen,Business,2026-09-01,6,6,7,1487.7273684210527,4,7,0.004471709300051738,0,Low
C00375,Astra Vector,Business,2026-09-01,7,10,11,1740.9689285714285,3,11,0.00046541400103628416,0,Low
C00376,Altair Quill,Premium,2026-09-01,8,6,1,802.8106666666666,3,5,0.01865365396319341,0,Low
C00377,Vega Vector,Standard,2026-09-01,2,1,1,387.37,1,21,0.20289085215614558,1,High
C00378,Titan Star,Premium,2026-09-01,5,3,3,598.6845454545454,4,5,0.03932179129777966,0,Low
C00379,Astra Echo,Standard,2026-09-01,5,4,2,244.2,3,6,0.04564171166041208,0,Low
C00380,Andromeda Drift,Student,2026-09-01,3,2,2,65.92857142857143,2,12,0.11242628707615125,0,Medium
C00381,Calypso Ray,Premium,2026-09-01,0,1,4,719.978,2,16,0.12796773600064032,0,Medium
C00382,Lyra Nexus,Standard,2026-09-01,6,5,6,343.0282352941176,4,6,0.009517327484710455,0,Low
C00383,Altair Rune,Student,2026-09-01,4,2,3,98.22888888888889,3,8,0.06953452214927036,0,Medium
C00384,Rigel Flux,Standard,2026-09-01,10,3,4,355.83,4,8,0.012256094515688971,0,Low
C00385,Calypso Ray,Standard,2026-09-01,3,7,5,278.06266666666664,3,11,0.014549024966767693,0,Low
C00386,Orion Vector,Standard,2026-09-01,7,2,8,279.5905882352941,4,6,0.009669155856392754,0,Low
C00387,Rigel Vector,Student,2026-09-01,6,2,4,98.15166666666667,4,13,0.03514573953415833,0,Low
C00388,Nova Gravity,Premium,2026-09-01,5,9,4,911.7316666666667,4,5,0.006599710213755861,0,Low
C00389,Titan Vex,Business,2026-09-01,2,4,2,2224.68625,2,13,0.056177973344668924,0,Medium
C00390,Draco Vale,Standard,2026-09-01,3,2,1,431.87666666666667,3,15,0.12683423005048486,0,Medium
C00391,Aurora Astro,Standard,2026-09-01,5,6,12,285.5465217391304,4,6,0.001805555345361873,0,Low
C00392,Elara Pulse,Premium,2026-09-01,5,10,5,653.8505,4,6,0.0041585312452243495,0,Low
C00393,Zenith Rune,Business,2026-09-01,7,2,3,1679.6008333333334,3,13,0.028949713690354508,0,Low
C00394,Aurora Echo,Student,2026-09-01,4,2,2,96.375,3,9,0.08929998018063064,0,Medium
C00395,Aurora Halo,Standard,2026-09-01,1,4,5,241.072,3,7,0.04405826304377504,0,Low
C00396,Zenith Flux,Standard,2026-09-01,4,7,5,271.18,3,6,0.01204887635904164,0,Low
C00397,Calypso Cosmos,Student,2026-09-01,8,0,2,86.516,3,10,0.06884037541625261,0,Medium
C00398,Lyra Rune,Standard,2026-09-01,10,3,3,254.384375,3,9,0.017285974429040143,0,Low
C00399,Orion Echo,Standard,2026-09-01,6,6,4,331.691875,3,6,0.01352134539178992,0,Low
C00400,Quasar Vale,Standard,2026-09-01,2,5,3,224.062,3,15,0.048591813266636516,0,Low
C00401,Aurora Solace,Premium,2026-09-01,8,7,7,1146.9609090909091,3,19,0.002685158421105011,0,Low
C00402,Atlas Spectra,Standard,2026-09-01,2,5,7,308.70285714285717,4,6,0.015799984810423627,0,Low
C00403,Rigel Solace,Premium,2026-09-01,6,8,5,616.8205263157895,3,15,0.00594893278112362,0,Low
C00404,Orion Drift,Student,2026-09-01,9,3,1,176.6853846153846,4,27,0.0339153449597973,0,Low
C00405,Stella Flux,Standard,2026-09-01,3,6,7,233.3625,4,11,0.010364487536287473,0,Low
C00406,Astra Star,Student,2026-09-01,4,5,3,151.85916666666665,3,19,0.03390944270008141,0,Low
C00407,Stella Halo,Standard,2026-09-01,7,4,4,356.786,3,8,0.018042450447528363,0,Low
C00408,Phoenix Astro,Business,2026-09-01,10,8,9,1587.5248148148148,4,11,0.0007150193469278258,0,Low
C00409,Aurora Ray,Standard,2026-09-01,4,2,6,455.76416666666665,3,8,0.0297640045256191,0,Low
C00410,Lyra Ray,Student,2026-09-01,3,5,3,179.92181818181817,3,9,0.04080324494490706,0,Low
C00411,Cosmo Comet,Business,2026-09-01,6,8,8,1335.875,4,8,0.0021525233393731562,0,Low
C00412,Cosmo Gravity,Student,2026-09-01,2,2,0,100.7225,2,39,0.206530024284766,1,High
C00413,Titan Meteor,Standard,2026-09-01,4,6,5,391.94933333333336,4,5,0.014184320994841586,0,Low
C00414,Quasar Star,Standard,2026-09-01,8,2,6,226.42,3,8,0.014579310167752081,0,Low
C00415,Zenith Nexus,Standard,2026-09-01,9,4,3,333.175625,4,13,0.015259136662328586,0,Low
C00416,Phoenix Ray,Standard,2026-09-01,2,5,3,275.439,3,6,0.04824727388462669,0,Low
C00417,Astra Gravity,Standard,2026-09-01,1,1,1,365.74333333333334,1,16,0.23731163625090726,1,High
C00418,Altair Gravity,Standard,2026-09-01,5,8,1,370.94928571428574,3,14,0.022196907996482444,0,Low
C00419,Elara Solace,Standard,2026-09-01,3,2,8,289.2869230769231,4,7,0.020757419381800132,0,Low
C00420,Draco Gravity,Standard,2026-09-01,6,8,6,354.828,4,6,0.004551065742273644,0,Low
C00421,Aurora Halo,Standard,2026-09-01,2,1,3,278.62166666666667,3,18,0.11919115470691168,0,Medium
C00422,Orion Nexus,Student,2026-09-01,0,1,0,78.39,1,49,0.34228697971853034,1,High
C00423,Calypso Vale,Standard,2026-09-01,4,1,7,343.79833333333335,3,6,0.029749811110021205,0,Low
C00424,Titan Flux,Standard,2026-09-01,6,4,3,269.60615384615386,3,6,0.028983297544813384,0,Low
C00425,Andromeda Astro,Business,2026-09-01,5,5,3,1961.5776923076924,4,10,0.01836147233839835,0,Low
C00426,Rigel Halo,Standard,2026-09-01,4,5,1,377.055,3,18,0.054502350062987905,0,Medium
C00427,Rigel Star,Standard,2026-09-01,5,4,3,344.0925,4,6,0.032633408289376546,0,Low
C00428,Luna Rune,Standard,2026-09-01,4,8,2,215.4557142857143,3,8,0.021300298913408153,0,Low
C00429,Aria Void,Standard,2026-09-01,6,6,1,411.1884615384615,3,18,0.029419121331700784,0,Low
C00430,Elara Vector,Standard,2026-09-01,5,5,8,271.61055555555555,3,5,0.007230592511123277,0,Low
C00431,Lyra Astro,Standard,2026-09-01,6,2,2,271.098,4,9,0.05709636544069676,0,Medium
C00432,Draco Vale,Student,2026-09-01,3,1,5,76.87555555555555,2,8,0.06691019570032901,0,Medium
C00433,Stella Astro,Premium,2026-09-01,1,0,2,998.33,2,7,0.2011959912919973,1,High
C00434,Orion Echo,Business,2026-09-01,13,4,9,1524.1873076923077,4,8,0.0010859573722896484,0,Low
C00435,Orion Vex,Business,2026-09-01,8,7,5,1458.2365,4,7,0.004104376756700238,0,Low
C00436,Luna Comet,Business,2026-09-01,5,14,6,1312.2776,4,5,0.0010315037843734761,0,Low
C00437,Titan Pulse,Standard,2026-09-01,5,4,3,334.69083333333333,3,12,0.034449657955746955,0,Low
C00438,Elara Spectra,Standard,2026-09-01,7,4,3,324.6514285714286,4,6,0.022445617654832706,0,Low
C00439,Titan Gravity,Standard,2026-09-01,6,4,1,290.35636363636365,4,29,0.04575358849602357,0,Low
C00440,Stella Echo,Standard,2026-09-01,1,1,0,343.795,1,57,0.2877051868090778,1,High
C00441,Elara Comet,Premium,2026-09-01,5,3,7,1031.3553333333334,4,5,0.012447214168866065,0,Low
C00442,Zenith Halo,Standard,2026-09-01,4,3,3,226.53,3,16,0.05362128778771736,0,Medium
C00443,Lyra Meteor,Student,2026-09-01,7,7,1,124.72466666666666,4,15,0.019225254256124386,0,Low
C00444,Atlas Pulse,Student,2026-09-01,9,4,6,128.0536842105263,3,8,0.007535110159083472,0,Low
C00445,Lyra Quill,Standard,2026-09-01,3,8,4,281.56333333333333,3,19,0.014855313598758899,0,Low
C00446,Lyra Orbit,Standard,2026-09-01,2,3,1,318.06166666666667,2,26,0.1295014205001612,0,Medium
C00447,Vega Quill,Standard,2026-09-01,5,6,4,274.504,3,15,0.016516246307866012,0,Low
C00448,Phoenix Pulse,Standard,2026-09-01,6,6,2,348.3342857142857,4,13,0.021688543683710565,0,Low
C00449,Aurora Halo,Premium,2026-09-01,6,6,1,970.39,3,21,0.026200451126973022,0,Low
C00450,Luna Flux,Standard,2026-09-01,7,6,1,191.8592857142857,4,6,0.02421740473821214,0,Low
C00451,Luna Cosmos,Standard,2026-09-01,4,2,3,229.12666666666667,2,7,0.07143720934460095,0,Medium
C00452,Zenith Void,Student,2026-09-01,5,4,4,111.0023076923077,3,8,0.027757204552750974,0,Low
C00453,Cosmo Vector,Standard,2026-09-01,1,2,1,492.9925,1,15,0.19143393753526006,1,High
C00454,Phoenix Meteor,Student,2026-09-01,3,3,1,89.38857142857142,3,23,0.10844841818753964,0,Medium
C00455,Stella Astro,Standard,2026-09-01,3,9,4,243.9725,3,7,0.011788670028713163,0,Low
C00456,Titan Ray,Standard,2026-09-01,2,2,1,195.996,2,26,0.16344031354923833,1,High
C00457,Nebula Gravity,Business,2026-09-01,9,11,3,1161.1895652173912,4,11,0.002309209109684896,0,Low
C00458,Sol Pulse,Standard,2026-09-01,4,6,2,361.9058333333333,2,8,0.03527698595608568,0,Low
C00459,Rigel Orbit,Standard,2026-09-01,3,0,1,163.195,3,14,0.20122772549474072,1,High
C00460,Cosmo Vector,Student,2026-09-01,5,3,1,202.8088888888889,3,16,0.0746863632946421,0,Medium
C00461,Stella Spectra,Standard,2026-09-01,6,14,3,350.11739130434785,4,14,0.002339533339989599,0,Low
C00462,Calypso Flux,Student,2026-09-01,1,2,1,282.8825,2,24,0.1890747329324215,1,High
C00463,Andromeda Zen,Standard,2026-09-01,1,0,2,308.57666666666665,2,6,0.22568400548877207,1,High
C00464,Titan Cosmos,Standard,2026-09-01,3,1,2,296.655,3,12,0.12736592019732867,0,Medium
C00465,Rigel Meteor,Standard,2026-09-01,3,3,1,169.97714285714287,2,21,0.1123806915485534,0,Medium
C00466,Zenith Orbit,Standard,2026-09-01,1,2,1,261.715,2,8,0.1906833543088062,1,High
C00467,Phoenix Cosmos,Standard,2026-09-01,0,7,4,334.5209090909091,4,8,0.031437566118122096,0,Low
C00468,Aurora Nexus,Premium,2026-09-01,3,8,3,1211.422142857143,3,21,0.01598713252625955,0,Low
C00469,Zenith Pulse,Student,2026-09-01,8,2,0,156.803,4,59,0.0663370839291333,0,Medium
C00470,Atlas Drift,Standard,2026-09-01,8,3,4,273.6886666666667,3,8,0.019323243218876088,0,Low
C00471,Lyra Rune,Standard,2026-09-01,8,9,3,265.5355,3,15,0.005842558608221376,0,Low
C00472,Cosmo Nexus,Standard,2026-09-01,5,6,2,308.3369230769231,3,22,0.02783436375575139,0,Low
C00473,Titan Vector,Standard,2026-09-01,4,3,3,392.137,3,12,0.051948219540451195,0,Medium
C00474,Vega Quill,Premium,2026-09-01,1,1,2,463.4825,2,26,0.17949281222042518,1,High
C00475,Aurora Echo,Standard,2026-09-01,5,5,2,384.35333333333335,3,8,0.03498215255519506,0,Low
C00476,Stella Vector,Student,2026-09-01,3,4,3,111.965,3,19,0.05215472423498762,0,Medium
C00477,Io Spectra,Standard,2026-09-01,0,0,1,128.47,1,10,0.3376079689266561,1,High
C00478,Cygnus Solace,Standard,2026-09-01,5,3,3,258.6545454545454,3,6,0.044440465445136225,0,Low
C00479,Quasar Lumen,Premium,2026-09-01,6,7,6,835.8673684210527,4,6,0.005258521939903811,0,Low
C00480,Phoenix Ray,Standard,2026-09-01,4,3,1,395.255,4,23,0.08151223579093853,0,Medium
C00481,Io Comet,Standard,2026-09-01,3,0,3,446.8183333333333,3,7,0.1214083745039681,0,Medium
C00482,Zenith Drift,Premium,2026-09-01,3,0,1,856.31,3,29,0.1779087849423319,1,High
C00483,Altair Vex,Standard,2026-09-01,6,5,5,269.945625,3,10,0.013344565833703166,0,Low
C00484,Luna Drift,Standard,2026-09-01,3,1,5,265.37,4,5,0.05806207042302422,0,Medium
C00485,Altair Pulse,Standard,2026-09-01,2,10,1,234.42307692307693,3,9,0.02496650041348567,0,Low
C00486,Io Orbit,Standard,2026-09-01,4,5,8,314.38,3,7,0.008684057870454254,0,Low
C00487,Phoenix Vector,Standard,2026-09-01,1,1,1,136.93333333333334,1,6,0.24686050778401333,1,High
C00488,Draco Flux,Student,2026-09-01,1,6,4,120.70727272727272,4,19,0.03440827855441276,0,Low
C00489,Draco Cosmos,Standard,2026-09-01,11,3,4,272.75111111111113,4,13,0.010270628548027278,0,Low
C00490,Lyra Solace,Student,2026-09-01,4,7,4,152.894,2,16,0.016998295141972194,0,Low
C00491,Sol Echo,Standard,2026-09-01,8,4,10,259.2640909090909,4,7,0.002853460673501842,0,Low
C00492,Quasar Zen,Standard,2026-09-01,3,3,2,215.88125,3,23,0.08279028301390749,0,Medium
C00493,Quasar Halo,Standard,2026-09-01,5,3,2,256.51,3,9,0.05747650846041177,0,Medium
C00494,Cygnus Halo,Business,2026-09-01,6,2,4,1169.2691666666667,4,5,0.028315859931223854,0,Low
C00495,Io Echo,Business,2026-09-01,7,5,6,1357.5055555555555,4,6,0.0063453903890726155,0,Low
C00496,Zenith Vex,Business,2026-09-01,3,7,5,1613.262,3,6,0.011035019647753637,0,Low
C00497,Astra Ray,Premium,2026-09-01,7,6,6,900.812105263158,3,5,0.005781330609280397,0,Low
C00498,Luna Meteor,Student,2026-09-01,4,1,2,107.29142857142857,2,8,0.1170067889312364,0,Medium
C00499,Altair Drift,Standard,2026-09-01,6,2,4,244.4225,4,16,0.03407650198363214,0,Low
C00500,Titan Star,Premium,2026-09-01,4,1,3,1162.0825,3,9,0.07095722805619048,0,Medium
C00501,Calypso Rune,Business,2026-09-01,3,2,3,1993.92625,3,14,0.057221188922024845,0,Medium
C00502,Sol Astro,Student,2026-09-01,7,3,4,123.72142857142858,4,14,0.022767035427027578,0,Low
C00503,Titan Comet,Student,2026-09-01,1,8,2,88.12181818181818,3,15,0.03841965821447235,0,Low
C00504,Altair Astro,Premium,2026-09-01,4,7,5,1366.79375,3,8,0.009577534533184632,0,Low
C00505,Io Vex,Standard,2026-09-01,6,3,4,453.6353846153846,3,5,0.027252507953093197,0,Low
C00506,Zenith Vector,Standard,2026-09-01,2,1,0,232.48333333333332,1,46,0.2547665940835634,1,High
C00507,Aurora Vex,Premium,2026-09-01,2,2,2,776.98,2,8,0.11707767778773241,0,Medium
C00508,Rigel Pulse,Business,2026-09-01,6,8,7,1887.1442857142856,4,7,0.00251407136110712,0,Low
C00509,Phoenix Star,Standard,2026-09-01,3,8,3,487.225,4,10,0.017651054228722457,0,Low
C00510,Draco Comet,Standard,2026-09-01,3,5,2,256.423,3,12,0.05200665291060015,0,Medium
C00511,Cygnus Quill,Business,2026-09-01,10,7,8,1764.1096,4,6,0.001158456774903371,0,Low
C00512,Nova Cosmos,Business,2026-09-01,3,1,2,1632.9233333333334,2,6,0.10451728442858373,0,Medium
C00513,Nebula Orbit,Standard,2026-09-01,2,2,4,248.85,3,11,0.07518838290247543,0,Medium
C00514,Zenith Spectra,Standard,2026-09-01,9,9,1,332.53,2,28,0.008572555366964982,0,Low
C00515,Titan Echo,Premium,2026-09-01,5,6,10,861.7571428571429,4,6,0.002749830630459024,0,Low
C00516,Draco Vex,Premium,2026-09-01,7,9,2,850.2616666666667,4,20,0.0077498441169291535,0,Low
C00517,Nova Quill,Student,2026-09-01,5,6,2,131.19692307692307,3,10,0.028990549897885715,0,Low
C00518,Draco Vex,Standard,2026-09-01,13,4,4,341.2752380952381,4,6,0.005402018424443729,0,Low
C00519,Zenith Star,Standard,2026-09-01,6,3,2,274.6818181818182,4,13,0.045078154937544496,0,Low
C00520,Calypso Flux,Standard,2026-09-01,6,5,1,343.2966666666667,3,23,0.03779560631703853,0,Low
C00521,Luna Vector,Student,2026-09-01,4,3,1,126.46125,3,7,0.09087997439947439,0,Medium
C00522,Stella Meteor,Business,2026-09-01,3,2,0,1443.064,2,58,0.13813329744332617,0,Medium
C00523,Atlas Rune,Student,2026-09-01,2,1,2,95.186,2,20,0.16325587112164516,1,High
C00524,Phoenix Flux,Standard,2026-09-01,5,3,5,349.30846153846153,3,6,0.0258174129544563,0,Low
C00525,Andromeda Meteor,Standard,2026-09-01,3,7,2,277.60333333333335,4,9,0.030586401518432987,0,Low
C00526,Calypso Star,Standard,2026-09-01,1,2,2,319.764,1,11,0.15785391762220732,1,High
C00527,Elara Star,Student,2026-09-01,2,3,3,157.4775,2,8,0.08256471474057954,0,Medium
C00528,Vega Echo,Premium,2026-09-01,10,4,5,650.8542105263158,4,5,0.0069024807918950885,0,Low
C00529,Nova Drift,Standard,2026-09-01,4,8,3,289.4073333333333,4,16,0.015156616906345007,0,Low
C00530,Rigel Spectra,Student,2026-09-01,4,2,2,73.66625,2,13,0.09426706894413964,0,Medium
C00531,Lyra Quill,Standard,2026-09-01,1,1,2,365.59,2,15,0.18317189756317898,1,High
C00532,Elara Nexus,Premium,2026-09-01,5,5,5,865.094,3,6,0.01430202994086718,0,Low
C00533,Stella Lumen,Standard,2026-09-01,2,6,6,293.3542857142857,4,9,0.01622530537087705,0,Low
C00534,Atlas Void,Standard,2026-09-01,0,0,0,0.0,0,102,0.41257017129277257,1,High
C00535,Atlas Halo,Standard,2026-09-01,2,6,1,346.26666666666665,2,23,0.0659601157167015,0,Medium
C00536,Io Spectra,Standard,2026-09-01,1,3,0,341.5275,2,39,0.19013227053563414,1,High
C00537,Astra Vale,Standard,2026-09-01,4,4,3,257.75272727272727,3,11,0.04220192602150491,0,Low
C00538,Andromeda Meteor,Standard,2026-09-01,7,5,4,286.27625,4,10,0.013576563159880444,0,Low
C00539,Titan Flux,Standard,2026-09-01,6,5,3,345.56357142857144,3,10,0.02240281144667952,0,Low
C00540,Aurora Void,Standard,2026-09-01,4,5,4,279.70076923076925,3,18,0.02538679958536582,0,Low
C00541,Vega Quill,Student,2026-09-01,7,4,3,121.87,2,9,0.026092569943659615,0,Low
C00542,Sol Lumen,Premium,2026-09-01,4,5,5,1101.83,2,9,0.017406764415680176,0,Low
C00543,Zenith Vale,Business,2026-09-01,10,8,4,1566.4277272727272,3,9,0.002950519315038707,0,Low
C00544,Sol Rune,Premium,2026-09-01,4,6,8,627.5605555555555,3,13,0.006351694270076883,0,Low
C00545,Aria Quill,Business,2026-09-01,5,5,12,1903.5722727272728,4,6,0.001642460982432695,0,Low
C00546,Draco Drift,Business,2026-09-01,1,1,1,1033.3233333333333,1,7,0.2133174973113205,1,High
C00547,Orion Halo,Standard,2026-09-01,7,9,2,264.64444444444445,4,10,0.008793354903954009,0,Low
C00548,Aurora Comet,Student,2026-09-01,2,4,6,154.5725,3,11,0.028568583426467353,0,Low
C00549,Aria Spectra,Standard,2026-09-01,1,2,0,279.21,2,45,0.23299323375028533,1,High
C00550,Elara Vex,Business,2026-09-01,5,3,9,1343.8917647058825,4,7,0.006801904698098276,0,Low
C00551,Rigel Vector,Standard,2026-09-01,1,2,2,465.452,2,23,0.14606108490439937,0,Medium
C00552,Nebula Gravity,Standard,2026-09-01,4,6,5,336.726,3,11,0.015133179942603877,0,Low
C00553,Draco Ray,Student,2026-09-01,6,3,6,142.65266666666668,3,12,0.017036560120894332,0,Low
C00554,Stella Quill,Standard,2026-09-01,5,3,3,306.7209090909091,3,7,0.04399578541845855,0,Low
C00555,Nova Comet,Student,2026-09-01,4,6,1,121.31363636363636,4,25,0.04289516667023354,0,Low
C00556,Aurora Star,Standard,2026-09-01,6,3,2,241.88363636363636,4,8,0.04545829359674203,0,Low
C00557,Orion Flux,Standard,2026-09-01,2,1,0,76.62333333333333,2,44,0.2504902459722869,1,High
C00558,Aria Cosmos,Standard,2026-09-01,2,1,9,316.585,4,5,0.024378881143283695,0,Low
C00559,Aria Flux,Standard,2026-09-01,5,2,3,280.176,4,7,0.05301979552172805,0,Medium
C00560,Calypso Flux,Standard,2026-09-01,4,2,0,309.1816666666667,3,51,0.13709919580606034,0,Medium
C00561,Elara Lumen,Standard,2026-09-01,5,2,4,256.62545454545455,2,7,0.04579656810716712,0,Low
C00562,Cosmo Flux,Standard,2026-09-01,4,3,4,213.36818181818182,3,16,0.04150500764103562,0,Low
C00563,Cygnus Comet,Standard,2026-09-01,0,2,0,422.065,2,53,0.26303979973923625,1,High
C00564,Cosmo Vector,Standard,2026-09-01,5,10,5,333.8855,4,5,0.004449508126491667,0,Low
C00565,Calypso Star,Standard,2026-09-01,12,8,3,296.0469565217391,4,10,0.0032414465095383974,0,Low
C00566,Titan Echo,Standard,2026-09-01,3,2,1,162.72833333333332,2,23,0.13954013194012324,0,Medium
C00567,Sol Orbit,Business,2026-09-01,5,8,6,1901.5347368421053,3,6,0.004220163238515024,0,Low
C00568,Rigel Echo,Standard,2026-09-01,4,3,3,267.34,3,7,0.05335564844689284,0,Medium
C00569,Orion Echo,Standard,2026-09-01,7,8,4,347.70105263157893,4,10,0.006438685218022847,0,Low
C00570,Io Astro,Premium,2026-09-01,1,3,2,579.2033333333334,2,10,0.11591071344902266,0,Medium
C00571,Lyra Quill,Standard,2026-09-01,9,7,2,250.44222222222223,3,20,0.010305874502041802,0,Low
C00572,Lyra Comet,Standard,2026-09-01,4,8,6,311.41333333333336,4,9,0.0067531651768381815,0,Low
C00573,Altair Cosmos,Standard,2026-09-01,4,3,1,291.8975,3,8,0.08800523927732373,0,Medium
C00574,Luna Drift,Business,2026-09-01,4,8,10,1272.3922727272727,4,7,0.0018705961201152044,0,Low
C00575,Atlas Vale,Premium,2026-09-01,6,9,4,856.2010526315789,4,8,0.005497668162319223,0,Low
C00576,Draco Cosmos,Standard,2026-09-01,4,5,1,435.712,3,12,0.05398229302652397,0,Medium
C00577,Atlas Cosmos,Premium,2026-09-01,10,10,6,768.3838461538462,4,8,0.0011729714174074839,0,Low
C00578,Rigel Quill,Student,2026-09-01,6,3,6,143.22733333333332,4,6,0.0161526190723661,0,Low
C00579,Draco Drift,Standard,2026-09-01,6,7,2,252.80133333333333,4,16,0.017348429132052076,0,Low
C00580,Nova Comet,Standard,2026-09-01,8,5,2,332.32666666666665,3,17,0.019978331096819447,0,Low
C00581,Draco Nexus,Student,2026-09-01,1,3,1,58.624,1,17,0.1684684654120799,1,High
C00582,Vega Echo,Standard,2026-09-01,4,2,0,246.80333333333334,3,35,0.13938141480623054,0,Medium
C00583,Astra Solace,Standard,2026-09-01,7,9,4,276.016,3,13,0.0054028452273908525,0,Low
C00584,Altair Comet,Business,2026-09-01,9,8,5,1131.9536363636364,4,6,0.0028332425725780016,0,Low
C00585,Zenith Solace,Standard,2026-09-01,4,2,4,330.836,3,7,0.05145475931814842,0,Medium
C00586,Draco Halo,Standard,2026-09-01,5,1,6,337.2183333333333,3,8,0.032081469608484625,0,Low
C00587,Astra Meteor,Standard,2026-09-01,6,3,7,254.606875,4,6,0.012074222513551109,0,Low
C00588,Andromeda Ray,Standard,2026-09-01,3,3,0,276.485,2,46,0.13861259175849272,0,Medium
C00589,Phoenix Vale,Standard,2026-09-01,8,4,4,359.35125,4,7,0.01409553077743263,0,Low
C00590,Aria Drift,Standard,2026-09-01,5,2,2,321.44,4,6,0.06790546208452475,0,Medium
C00591,Phoenix Star,Standard,2026-09-01,1,2,1,487.05,1,28,0.19087557808641428,1,High
C00592,Stella Astro,Premium,2026-09-01,7,4,1,912.5741666666667,3,28,0.03534050627324638,0,Low
C00593,Rigel Lumen,Student,2026-09-01,1,7,3,58.517272727272726,4,5,0.03587443654072796,0,Low
C00594,Luna Pulse,Student,2026-09-01,1,4,8,116.37076923076923,3,5,0.020532383804905525,0,Low
C00595,Aurora Quill,Standard,2026-09-01,4,2,7,380.1453846153846,2,7,0.02452502467518006,0,Low
C00596,Andromeda Comet,Standard,2026-09-01,8,6,4,279.04333333333335,4,16,0.008769869789440228,0,Low
C00597,Draco Flux,Student,2026-09-01,4,5,1,140.357,3,5,0.057398192029343764,0,Medium
C00598,Phoenix Orbit,Student,2026-09-01,0,2,4,132.60666666666665,2,11,0.11507406897374953,0,Medium
C00599,Phoenix Vector,Standard,2026-09-01,4,2,2,417.18875,2,6,0.0884656128962833,0,Medium
C00600,Zenith Void,Student,2026-09-01,8,4,4,107.104375,3,6,0.015707706605103913,0,Low
C00601,Aurora Cosmos,Business,2026-09-01,0,2,1,852.3766666666667,2,24,0.20071178606852713,1,High
C00602,Zenith Halo,Standard,2026-09-01,2,6,3,328.77272727272725,3,13,0.03759371146343304,0,Low
C00603,Altair Astro,Standard,2026-09-01,4,7,0,279.78545454545457,3,35,0.04473759244092789,0,Low
C00604,Orion Star,Standard,2026-09-01,7,4,4,347.6666666666667,3,6,0.01808988348675743,0,Low
C00605,Luna Pulse,Student,2026-09-01,0,1,0,71.95,1,58,0.34183482478421523,1,High
C00606,Lyra Comet,Business,2026-09-01,8,1,5,1556.4264285714285,3,5,0.018437833079784773,0,Low
C00607,Stella Astro,Premium,2026-09-01,10,6,4,963.3035,3,5,0.0054836558529788105,0,Low
C00608,Vega Comet,Business,2026-09-01,5,2,1,1812.27625,3,27,0.06824399415358463,0,Medium
C00609,Aurora Gravity,Standard,2026-09-01,6,5,3,290.5057142857143,4,5,0.021484204428223824,0,Low
C00610,Vega Vale,Premium,2026-09-01,9,7,3,717.3236842105263,4,11,0.006774352714109715,0,Low
C00611,Zenith Quill,Standard,2026-09-01,4,4,5,338.9469230769231,3,12,0.024531706053828463,0,Low
C00612,Cosmo Rune,Standard,2026-09-01,9,1,1,344.74636363636364,4,28,0.05256390594367391,0,Medium
C00613,Lyra Zen,Standard,2026-09-01,3,5,5,322.16153846153844,3,6,0.023441991943015526,0,Low
C00614,Calypso Void,Premium,2026-09-01,7,5,7,927.8989473684211,3,5,0.005608098555162423,0,Low
C00615,Elara Drift,Standard,2026-09-01,6,8,5,358.96473684210525,3,10,0.006291352860230978,0,Low
C00616,Sol Echo,Premium,2026-09-01,7,8,6,776.2985714285714,3,6,0.003629878810876936,0,Low
C00617,Calypso Rune,Premium,2026-09-01,4,8,4,849.521875,3,11,0.010924612535734254,0,Low
C00618,Quasar Solace,Premium,2026-09-01,8,5,4,919.1064705882353,4,15,0.009799041386622782,0,Low
C00619,Stella Halo,Premium,2026-09-01,2,7,5,720.8035714285714,4,9,0.015214303531086043,0,Low
C00620,Lyra Pulse,Standard,2026-09-01,2,4,6,187.88333333333333,3,5,0.028436041585095446,0,Low
C00621,Calypso Meteor,Standard,2026-09-01,2,7,3,252.93166666666667,4,20,0.02840798160497256,0,Low
C00622,Luna Ray,Standard,2026-09-01,6,4,5,214.90066666666667,3,15,0.017179529521894946,0,Low
C00623,Calypso Cosmos,Business,2026-09-01,7,7,9,1479.3426086956522,4,7,0.001678520799284961,0,Low
C00624,Andromeda Void,Business,2026-09-01,9,9,6,1254.8579166666666,4,5,0.0016465002567356574,0,Low
C00625,Rigel Pulse,Standard,2026-09-01,8,5,5,265.40777777777777,3,7,0.009103486744909703,0,Low
C00626,Nova Lumen,Premium,2026-09-01,7,8,3,997.16,4,6,0.0073699084803299855,0,Low
C00627,Atlas Flux,Premium,2026-09-01,1,1,0,692.675,1,53,0.27314735501306253,1,High
C00628,Altair Rune,Business,2026-09-01,2,4,1,993.7528571428571,2,26,0.09155641542823241,0,Medium
C00629,Sol Pulse,Premium,2026-09-01,10,9,6,932.242,3,6,0.0015347854086451749,0,Low
C00630,Sol Pulse,Premium,2026-09-01,11,7,7,811.458,4,6,0.0015296788206276301,0,Low
C00631,Phoenix Lumen,Standard,2026-09-01,0,1,2,231.57666666666665,2,12,0.2190557469248385,1,High
C00632,Zenith Quill,Student,2026-09-01,6,4,2,112.22333333333333,2,14,0.0409552629845311,0,Low
C00633,Draco Lumen,Business,2026-09-01,7,6,4,1665.6147058823528,4,8,0.007978882167969452,0,Low
C00634,Aurora Vector,Standard,2026-09-01,4,4,5,259.3046153846154,3,7,0.024982835915099727,0,Low
C00635,Lyra Ray,Standard,2026-09-01,8,2,2,297.97833333333335,3,22,0.04119845054265922,0,Low
C00636,Quasar Nexus,Student,2026-09-01,2,2,1,193.272,2,26,0.16351895784987905,1,High
C00637,Lyra Star,Standard,2026-09-01,3,1,0,227.785,1,30,0.22083965535533168,1,High
C00638,Nova Orbit,Business,2026-09-01,10,8,4,1302.4536363636364,3,7,0.003121417956331133,0,Low
C00639,Astra Vale,Standard,2026-09-01,3,4,1,307.055,2,16,0.08782602189753927,0,Medium
C00640,Sol Drift,Standard,2026-09-01,1,1,0,509.99,1,50,0.2810979677884457,1,High
C00641,Calypso Quill,Standard,2026-09-01,7,16,1,326.88916666666665,4,29,0.002023649046795751,0,Low
C00642,Draco Solace,Standard,2026-09-01,5,7,4,300.604375,4,11,0.012202622923370564,0,Low
C00643,Sol Gravity,Standard,2026-09-01,4,4,5,379.83846153846156,3,7,0.02437042664768739,0,Low
C00644,Altair Ray,Premium,2026-09-01,9,6,1,877.37,3,17,0.01510474262024131,0,Low
C00645,Stella Nexus,Business,2026-09-01,4,7,12,1629.31,4,5,0.0012913973750425549,0,Low
C00646,Atlas Astro,Premium,2026-09-01,9,6,6,737.3828571428571,3,5,0.0040634841477187175,0,Low
C00647,Andromeda Star,Standard,2026-09-01,0,2,1,202.12666666666667,2,6,0.22481280305563325,1,High
C00648,Cygnus Void,Standard,2026-09-01,5,3,1,223.05444444444444,2,5,0.07866036157693448,0,Medium
C00649,Elara Solace,Standard,2026-09-01,6,5,2,320.09846153846155,3,13,0.029311496195676,0,Low
C00650,Andromeda Meteor,Standard,2026-09-01,3,3,4,238.055,2,5,0.05265355590583952,0,Medium
C00651,Phoenix Void,Business,2026-09-01,14,10,3,1441.8674074074074,3,13,0.0011152732390020475,0,Low
C00652,Io Star,Standard,2026-09-01,0,1,0,391.12,1,32,0.3289852329128478,1,High
C00653,Andromeda Pulse,Premium,2026-09-01,3,6,4,859.53,3,10,0.021466293854782808,0,Low
C00654,Nebula Void,Standard,2026-09-01,4,3,1,291.70375,3,23,0.08755893096846058,0,Medium
C00655,Altair Ray,Student,2026-09-01,5,1,2,95.9975,4,8,0.08901531575076652,0,Medium
C00656,Io Zen,Standard,2026-09-01,5,8,2,419.79066666666665,3,7,0.01687872299991404,0,Low
C00657,Rigel Orbit,Standard,2026-09-01,5,5,6,395.980625,4,8,0.011400917810304468,0,Low
C00658,Aurora Halo,Business,2026-09-01,9,7,6,1068.0977272727273,4,15,0.0027918312807222573,0,Low
C00659,Astra Drift,Student,2026-09-01,9,2,5,108.639375,3,11,0.016103223679972977,0,Low
C00660,Phoenix Drift,Premium,2026-09-01,1,2,0,687.2566666666667,2,42,0.21814517970168984,1,High
C00661,Draco Vale,Premium,2026-09-01,4,5,10,1027.842105263158,3,10,0.004352882528196628,0,Low
C00662,Cosmo Nexus,Business,2026-09-01,8,4,14,1330.9665384615384,4,10,0.0007685239541812874,0,Low
C00663,Stella Vale,Standard,2026-09-01,3,11,5,375.1663157894737,4,10,0.005071565620495366,0,Low
C00664,Altair Vector,Standard,2026-09-01,3,6,0,438.86555555555555,4,38,0.062326415599844,0,Medium
C00665,Draco Comet,Standard,2026-09-01,6,2,5,285.8784615384615,3,11,0.02747320128589154,0,Low
C00666,Sol Ray,Premium,2026-09-01,5,4,1,699.007,2,16,0.05667691272502138,0,Medium
C00667,Quasar Vex,Premium,2026-09-01,5,7,16,731.9921428571429,4,6,0.00043374724021904757,0,Low
C00668,Stella Zen,Standard,2026-09-01,7,4,6,319.49823529411765,4,6,0.010073052594968821,0,Low
C00669,Zenith Quill,Student,2026-09-01,5,7,4,138.469375,3,14,0.013328696411604729,0,Low
C00670,Calypso Quill,Standard,2026-09-01,4,3,5,274.7841666666667,3,6,0.03166379611176853,0,Low
C00671,Vega Pulse,Premium,2026-09-01,6,8,5,877.751052631579,4,7,0.005341082320289256,0,Low
C00672,Orion Star,Standard,2026-09-01,4,0,7,240.3272727272727,4,7,0.036515852684312976,0,Low
C00673,Phoenix Cosmos,Standard,2026-09-01,5,5,5,361.1793333333333,4,7,0.015019960217326662,0,Low
C00674,Cosmo Orbit,Standard,2026-09-01,4,3,1,339.97375,3,12,0.08707493600403063,0,Medium
C00675,Atlas Ray,Premium,2026-09-01,7,6,7,1052.686,3,11,0.004264043401735616,0,Low
C00676,Titan Astro,Standard,2026-09-01,8,1,7,378.364375,4,6,0.013048147378742412,0,Low
C00677,Rigel Meteor,Premium,2026-09-01,2,5,3,1158.213,4,9,0.0382077986219987,0,Low
C00678,Io Quill,Premium,2026-09-01,10,9,6,939.2328,3,9,0.0015308081532120494,0,Low
C00679,Vega Halo,Standard,2026-09-01,4,4,1,447.81555555555553,3,29,0.06749826252742593,0,Medium
C00680,Calypso Astro,Standard,2026-09-01,1,4,2,405.8285714285714,3,6,0.09139699413691613,0,Medium
C00681,Sol Meteor,Student,2026-09-01,2,1,4,139.47857142857143,3,5,0.09643287610155984,0,Medium
C00682,Vega Nexus,Standard,2026-09-01,4,5,2,301.7072727272727,2,18,0.0450928668461702,0,Low
C00683,Draco Ray,Standard,2026-09-01,1,5,5,382.7390909090909,3,7,0.033769431577943015,0,Low
C00684,Cosmo Drift,Standard,2026-09-01,3,5,2,298.858,3,23,0.05136574674867837,0,Medium
C00685,Cosmo Lumen,Standard,2026-09-01,7,3,7,389.9576470588235,4,8,0.009677098588727593,0,Low
C00686,Lyra Rune,Premium,2026-09-01,1,2,1,296.925,2,27,0.18844881480669276,1,High
C00687,Quasar Nexus,Student,2026-09-01,1,1,0,154.31,1,47,0.2967527120141861,1,High
C00688,Io Echo,Business,2026-09-01,17,15,6,1635.765,4,5,7.309450339434052e-05,0,Low
C00689,Orion Rune,Business,2026-09-01,7,10,4,1510.6319047619047,3,16,0.003256190682884684,0,Low
C00690,Calypso Comet,Student,2026-09-01,2,1,2,123.166,2,18,0.16255243734503033,1,High
C00691,Orion Quill,Premium,2026-09-01,11,6,8,845.7012,4,8,0.0014803099019918876,0,Low
C00692,Cygnus Meteor,Business,2026-09-01,7,8,6,1754.5719047619048,3,6,0.0029545555082271663,0,Low
C00693,Phoenix Orbit,Standard,2026-09-01,7,8,2,250.88882352941175,3,21,0.01185496293140066,0,Low
C00694,Elara Lumen,Student,2026-09-01,4,4,0,121.16375,3,30,0.09232679776834044,0,Medium
C00695,Titan Gravity,Business,2026-09-01,11,8,8,1278.442962962963,3,7,0.0008734267307846165,0,Low
C00696,Altair Zen,Premium,2026-09-01,7,8,11,1023.35,4,9,0.0008388304661635575,0,Low
C00697,Quasar Drift,Standard,2026-09-01,2,6,4,223.11583333333334,2,6,0.03127979253029175,0,Low
C00698,Draco Rune,Standard,2026-09-01,0,6,2,180.11125,4,24,0.06842228411969607,0,Medium
C00699,Phoenix Quill,Student,2026-09-01,4,3,3,124.678,3,22,0.05460693367518019,0,Medium
C00700,Astra Spectra,Standard,2026-09-01,4,3,1,256.05625,3,6,0.08867491291127913,0,Medium
C00701,Calypso Gravity,Standard,2026-09-01,6,8,5,260.82105263157894,3,5,0.006434174313858223,0,Low
C00702,Rigel Meteor,Standard,2026-09-01,10,5,6,240.88904761904763,4,13,0.004479389963922582,0,Low
C00703,Draco Zen,Standard,2026-09-01,5,8,1,256.8885714285714,4,9,0.021547623359197073,0,Low
C00704,Phoenix Void,Standard,2026-09-01,10,1,3,404.3592857142857,3,8,0.02716720239690055,0,Low
C00705,Elara Echo,Standard,2026-09-01,4,6,2,276.3233333333333,3,11,0.033961765290291386,0,Low
C00706,Draco Vector,Standard,2026-09-01,4,3,5,351.76666666666665,3,9,0.031135368525469935,0,Low
C00707,Nova Rune,Standard,2026-09-01,6,5,2,243.23461538461538,3,8,0.029830854463791107,0,Low
C00708,Lyra Meteor,Premium,2026-09-01,5,8,4,946.2570588235294,3,8,0.008841108256290371,0,Low
C00709,Io Spectra,Business,2026-09-01,4,7,2,1333.2269230769232,4,23,0.020259868557961504,0,Low
C00710,Astra Vector,Premium,2026-09-01,4,6,7,702.1335294117647,4,6,0.007764059007146195,0,Low
C00711,Titan Spectra,Student,2026-09-01,4,6,4,117.52357142857143,2,8,0.021875239314608472,0,Low
C00712,Calypso Echo,Standard,2026-09-01,5,5,2,345.8691666666667,3,13,0.03519386279233835,0,Low
C00713,Nebula Halo,Standard,2026-09-01,6,6,1,244.45923076923077,3,13,0.030496289180056903,0,Low
C00714,Luna Zen,Student,2026-09-01,0,4,3,137.9842857142857,2,19,0.09398386191617138,0,Medium
C00715,Andromeda Ray,Standard,2026-09-01,5,5,5,332.20533333333333,3,6,0.015977811189092563,0,Low
C00716,Cosmo Lumen,Standard,2026-09-01,6,5,5,211.741875,3,15,0.013482408468259613,0,Low
C00717,Io Spectra,Standard,2026-09-01,11,5,4,305.388,4,13,0.006252249212621021,0,Low
C00718,Altair Nexus,Business,2026-09-01,7,4,5,1805.653125,3,5,0.01021926975987654,0,Low
C00719,Orion Halo,Student,2026-09-01,0,2,0,58.585,2,31,0.2798395201260867,1,High
C00720,Quasar Orbit,Standard,2026-09-01,2,4,5,212.69363636363636,4,9,0.034802107471547036,0,Low
C00721,Calypso Meteor,Business,2026-09-01,2,7,1,1505.044,4,27,0.03711325361217641,0,Low
C00722,Stella Meteor,Standard,2026-09-01,1,1,0,245.515,1,48,0.29267271721790833,1,High
C00723,Cygnus Flux,Standard,2026-09-01,6,3,6,269.6526666666667,3,6,0.016630015973367766,0,Low
C00724,Titan Halo,Student,2026-09-01,3,1,6,148.039,3,5,0.04847647019012309,0,Low
C00725,Cosmo Ray,Student,2026-09-01,1,1,2,158.77,2,25,0.18922041244606463,1,High
C00726,Atlas Lumen,Standard,2026-09-01,6,5,7,433.88166666666666,3,14,0.007520432837145444,0,Low
C00727,Vega Drift,Standard,2026-09-01,0,1,1,721.87,1,25,0.25891473661273784,1,High
C00728,Titan Cosmos,Standard,2026-09-01,8,3,1,323.6433333333333,4,29,0.03966752747370967,0,Low
C00729,Aria Rune,Standard,2026-09-01,10,2,3,225.07133333333334,4,14,0.02092519394351976,0,Low
C00730,Cosmo Void,Business,2026-09-01,5,9,8,1621.3472727272726,4,6,0.001925154516203203,0,Low
C00731,Orion Lumen,Standard,2026-09-01,3,3,5,314.8018181818182,2,5,0.04001106307078005,0,Low
C00732,Cygnus Rune,Business,2026-09-01,3,2,2,624.3628571428571,2,5,0.10142707359246894,0,Medium
C00733,Aurora Astro,Standard,2026-09-01,7,1,0,327.45,3,31,0.10225243574007795,0,Medium
C00734,Titan Star,Business,2026-09-01,6,3,8,1812.8735294117646,3,6,0.007041704499556758,0,Low
C00735,Calypso Comet,Standard,2026-09-01,5,4,6,323.2626666666667,3,5,0.015626100611770822,0,Low
C00736,Quasar Vector,Business,2026-09-01,11,10,5,1584.6526923076924,4,16,0.0010634834556009982,0,Low
C00737,Rigel Gravity,Standard,2026-09-01,3,7,4,419.2742857142857,3,10,0.018462459436620185,0,Low
C00738,Luna Spectra,Standard,2026-09-01,4,6,4,281.47214285714284,3,12,0.019982885507146764,0,Low
C00739,Vega Pulse,Standard,2026-09-01,6,3,6,261.42066666666665,3,5,0.016664593015924798,0,Low
C00740,Luna Solace,Standard,2026-09-01,5,3,2,405.146,4,5,0.05298182111928262,0,Medium
C00741,Atlas Vale,Business,2026-09-01,16,8,9,1401.3375757575757,4,9,0.0002319177759435371,0,Low
C00742,Io Meteor,Standard,2026-09-01,2,5,3,339.776,3,20,0.04739025882434122,0,Low
C00743,Lyra Lumen,Standard,2026-09-01,6,2,2,366.209,3,28,0.05868399220171349,0,Medium
C00744,Aria Orbit,Standard,2026-09-01,7,3,1,308.41,3,15,0.050807056970753474,0,Medium
C00745,Astra Ray,Standard,2026-09-01,3,8,5,223.9875,4,13,0.010900729823868763,0,Low
C00746,Quasar Meteor,Standard,2026-09-01,3,5,2,477.807,4,10,0.04718846909967471,0,Low
C00747,Io Quill,Premium,2026-09-01,7,6,10,842.8621739130435,4,6,0.001873082077666143,0,Low
C00748,Io Meteor,Standard,2026-09-01,5,1,2,231.755,3,10,0.09122040347690667,0,Medium
C00749,Phoenix Pulse,Standard,2026-09-01,5,0,6,260.15,3,11,0.04129002840746104,0,Low
C00750,Nova Nexus,Standard,2026-09-01,7,6,5,283.5522222222222,3,6,0.008613683235664084,0,Low
C00751,Orion Star,Standard,2026-09-01,2,0,3,394.13,2,5,0.1523128834016203,1,High
C00752,Luna Halo,Standard,2026-09-01,1,8,2,246.21363636363637,2,22,0.039176945393179625,0,Low
C00753,Io Ray,Student,2026-09-01,4,4,3,167.8,3,7,0.043037864692885994,0,Low
C00754,Titan Gravity,Premium,2026-09-01,5,8,6,775.8963157894736,4,5,0.005056853342704034,0,Low
C00755,Atlas Quill,Student,2026-09-01,6,3,2,139.4609090909091,4,21,0.04619098137408927,0,Low
C00756,Orion Orbit,Premium,2026-09-01,4,5,2,736.59,3,5,0.03931133979582609,0,Low
C00757,Sol Cosmos,Standard,2026-09-01,7,5,6,324.5211111111111,3,11,0.00831659630861445,0,Low
C00758,Nova Pulse,Standard,2026-09-01,4,7,3,341.94714285714286,3,5,0.020273415956868282,0,Low
C00759,Aurora Solace,Student,2026-09-01,4,8,1,110.40923076923077,3,19,0.0282553064403987,0,Low
C00760,Aria Rune,Student,2026-09-01,2,9,3,139.15642857142856,3,24,0.01894758818908244,0,Low
C00761,Nebula Vector,Standard,2026-09-01,5,4,5,417.9042857142857,3,5,0.02000801926089733,0,Low
C00762,Rigel Echo,Student,2026-09-01,2,8,6,132.99625,3,6,0.010910558259175787,0,Low
C00763,Io Flux,Premium,2026-09-01,1,2,3,641.4266666666666,2,6,0.11222077918860802,0,Medium
C00764,Nova Halo,Standard,2026-09-01,6,6,6,186.33444444444444,3,5,0.008145788326256327,0,Low
C00765,Andromeda Pulse,Standard,2026-09-01,6,6,1,262.6284615384615,3,12,0.030394111458886326,0,Low
C00766,Aurora Gravity,Standard,2026-09-01,7,13,5,301.1848,4,5,0.001452981586886133,0,Low
C00767,Luna Echo,Student,2026-09-01,1,2,5,71.34375,3,5,0.07262191916977008,0,Medium
C00768,Calypso Solace,Business,2026-09-01,7,8,5,1638.158,4,6,0.00375261808225677,0,Low
C00769,Rigel Vex,Premium,2026-09-01,6,5,4,737.8006666666666,4,15,0.01494199211955617,0,Low
C00770,Aurora Solace,Business,2026-09-01,5,2,9,1770.43875,3,6,0.0084061772493469,0,Low
C00771,Io Echo,Standard,2026-09-01,0,0,0,0.0,0,94,0.4132960647362668,1,High
C00772,Phoenix Zen,Standard,2026-09-01,1,3,2,439.05333333333334,2,20,0.11858558049597046,0,Medium
C00773,Atlas Solace,Standard,2026-09-01,0,1,0,1020.63,1,44,0.2993973836840877,1,High
C00774,Luna Quill,Standard,2026-09-01,6,7,1,228.76214285714286,4,16,0.022752935059243144,0,Low
C00775,Io Cosmos,Student,2026-09-01,2,3,3,276.8075,3,9,0.07657145435976553,0,Medium
C00776,Phoenix Zen,Standard,2026-09-01,2,4,3,217.28,3,6,0.061633598475801056,0,Medium
C00777,Vega Orbit,Standard,2026-09-01,3,4,1,232.84625,3,19,0.08453767503450814,0,Medium
C00778,Atlas Halo,Standard,2026-09-01,5,8,9,389.38863636363635,4,7,0.002433498770983856,0,Low
C00779,Lyra Quill,Premium,2026-09-01,6,7,6,1055.8921052631579,3,6,0.005310309100153548,0,Low
C00780,Quasar Solace,Business,2026-09-01,10,11,7,1489.3196428571428,4,9,0.0005999866656105549,0,Low
C00781,Rigel Zen,Standard,2026-09-01,0,0,1,321.1,1,19,0.32783177706385175,1,High
C00782,Altair Gravity,Standard,2026-09-01,4,3,4,306.84727272727275,2,5,0.043154091366537056,0,Low
C00783,Elara Drift,Standard,2026-09-01,5,0,2,307.28285714285715,3,20,0.11187227652973061,0,Medium
C00784,Andromeda Spectra,Student,2026-09-01,6,4,6,102.85875,3,8,0.013492108964576473,0,Low
C00785,Luna Solace,Premium,2026-09-01,7,5,4,907.335625,3,10,0.012610270993340306,0,Low
C00786,Draco Drift,Standard,2026-09-01,4,7,7,386.64722222222224,4,5,0.006494837273372577,0,Low
C00787,Sol Drift,Standard,2026-09-01,2,4,4,268.081,3,12,0.047086569895645254,0,Low
C00788,Zenith Pulse,Business,2026-09-01,7,6,8,1370.9361904761904,4,6,0.0028816245500090766,0,Low
C00789,Io Comet,Student,2026-09-01,5,3,2,136.592,3,5,0.058946441067661316,0,Medium
C00790,Sol Gravity,Premium,2026-09-01,5,9,5,994.0005263157894,4,5,0.00495146301904146,0,Low
C00791,Io Pulse,Premium,2026-09-01,4,7,3,676.9114285714286,3,17,0.01883228443450011,0,Low
C00792,Elara Echo,Standard,2026-09-01,5,1,4,252.911,4,17,0.05188344596105601,0,Medium
C00793,Draco Meteor,Standard,2026-09-01,4,10,6,338.824,4,8,0.00411132926850716,0,Low
C00794,Astra Vex,Premium,2026-09-01,10,8,6,798.2979166666667,3,14,0.002013648959550467,0,Low
C00795,Luna Drift,Student,2026-09-01,3,4,0,126.11,3,39,0.1095299022552427,0,Medium
C00796,Stella Comet,Standard,2026-09-01,5,9,5,253.54473684210527,3,9,0.006108290984980429,0,Low
C00797,Altair Orbit,Standard,2026-09-01,8,5,3,217.64125,3,14,0.015685265394108992,0,Low
C00798,Altair Orbit,Premium,2026-09-01,2,1,3,503.41833333333335,3,10,0.1146016195035484,0,Medium
C00799,Atlas Vale,Standard,2026-09-01,1,1,5,290.82714285714286,3,5,0.08733030113632918,0,Medium
C00800,Elara Meteor,Premium,2026-09-01,0,2,2,922.2325,2,17,0.15901016595129605,1,High
C00801,Cosmo Vector,Business,2026-09-01,9,7,4,1271.4995,2,6,0.005158362353951443,0,Low
C00802,Stella Meteor,Student,2026-09-01,4,2,2,145.965,3,14,0.08830144055034303,0,Medium
C00803,Aria Void,Student,2026-09-01,1,1,1,145.70333333333335,1,22,0.24540574468985757,1,High
C00804,Andromeda Solace,Standard,2026-09-01,2,4,5,379.1781818181818,3,7,0.03554542313158016,0,Low
C00805,Nova Ray,Business,2026-09-01,5,4,2,1596.4472727272728,3,5,0.03471260133447778,0,Low
C00806,Atlas Meteor,Standard,2026-09-01,6,3,4,301.44,3,8,0.02808668284321502,0,Low
C00807,Rigel Nexus,Standard,2026-09-01,1,2,1,357.4175,1,19,0.19566767777039318,1,High
C00808,Rigel Quill,Standard,2026-09-01,0,1,0,459.1,1,37,0.32541390408469084,1,High
C00809,Titan Nexus,Standard,2026-09-01,5,3,0,344.80375,2,33,0.09750666349520587,0,Medium
C00810,Elara Drift,Student,2026-09-01,3,4,6,86.19153846153846,3,7,0.024010970530872474,0,Low
C00811,Atlas Void,Student,2026-09-01,4,6,6,113.0175,3,8,0.012141648118003298,0,Low
C00812,Rigel Cosmos,Standard,2026-09-01,5,1,2,354.92,3,25,0.08863307597691121,0,Medium
C00813,Vega Nexus,Standard,2026-09-01,2,0,1,188.78333333333333,1,26,0.2532192538735244,1,High
C00814,Phoenix Cosmos,Standard,2026-09-01,5,4,4,231.39538461538461,3,7,0.02708932138025925,0,Low
C00815,Sol Void,Standard,2026-09-01,4,2,4,272.369,2,8,0.05489079595785872,0,Medium
C00816,Calypso Pulse,Standard,2026-09-01,3,6,3,265.9066666666667,3,13,0.031561747697518516,0,Low
C00817,Zenith Halo,Standard,2026-09-01,4,3,2,251.8188888888889,4,6,0.06556113911976491,0,Medium
C00818,Quasar Lumen,Student,2026-09-01,3,0,2,81.908,2,12,0.17135439943589598,1,High
C00819,Cygnus Lumen,Standard,2026-09-01,4,13,4,278.50380952380954,3,14,0.0036112047599719237,0,Low
C00820,Phoenix Halo,Premium,2026-09-01,5,8,3,908.839375,4,6,0.011036111402109023,0,Low
C00821,Io Quill,Student,2026-09-01,2,2,0,187.33,2,30,0.20409643675023245,1,High
C00822,Stella Vex,Standard,2026-09-01,1,0,4,165.598,3,12,0.1413075335572613,0,Medium
C00823,Orion Gravity,Business,2026-09-01,9,5,4,1442.151111111111,3,8,0.007679175599020644,0,Low
C00824,Aria Star,Standard,2026-09-01,4,7,3,372.3228571428571,4,13,0.019008585577564827,0,Low
C00825,Cygnus Quill,Business,2026-09-01,9,7,2,1447.5611111111111,4,24,0.007575646840324446,0,Low
C00826,Orion Meteor,Standard,2026-09-01,1,2,5,306.955,2,6,0.07303972272571853,0,Medium
C00827,Calypso Vale,Standard,2026-09-01,5,0,2,241.12,3,19,0.11330523443039114,0,Medium
C00828,Lyra Void,Standard,2026-09-01,4,10,4,228.46277777777777,3,15,0.00761763168518422,0,Low
C00829,Cosmo Nexus,Student,2026-09-01,1,0,1,35.39,1,22,0.29875697157063785,1,High
C00830,Rigel Star,Business,2026-09-01,5,6,6,1494.0817647058823,4,13,0.0070823151065358995,0,Low
C00831,Sol Echo,Business,2026-09-01,0,3,2,1453.088,3,13,0.11113071142160313,0,Medium
C00832,Altair Quill,Standard,2026-09-01,3,7,0,401.681,2,39,0.055321163569058564,0,Medium
C00833,Lyra Nexus,Standard,2026-09-01,5,4,3,352.8325,4,7,0.032563416430356595,0,Low
C00834,Sol Halo,Standard,2026-09-01,1,0,2,275.32,2,14,0.2263884381590929,1,High
C00835,Altair Zen,Student,2026-09-01,5,2,0,113.48142857142857,3,46,0.1201702287570029,0,Medium
C00836,Altair Quill,Standard,2026-09-01,8,5,3,424.254375,4,12,0.014225418643829165,0,Low
C00837,Astra Spectra,Student,2026-09-01,0,0,3,270.86333333333334,3,7,0.20443854020030114,1,High
C00838,Aria Halo,Student,2026-09-01,3,2,2,119.08714285714285,2,18,0.1110893228146044,0,Medium
C00839,Lyra Pulse,Standard,2026-09-01,1,3,5,238.01111111111112,3,5,0.05577520116995121,0,Medium
C00840,Zenith Ray,Standard,2026-09-01,7,5,1,279.08384615384614,3,20,0.031775581931651,0,Low
C00841,Cosmo Echo,Business,2026-09-01,4,5,5,1063.6678571428572,3,5,0.016624961857572004,0,Low
C00842,Astra Meteor,Standard,2026-09-01,4,3,3,206.929,3,11,0.05392706832075772,0,Medium
C00843,Lyra Spectra,Premium,2026-09-01,1,1,2,943.4025,1,14,0.17360192020773008,1,High
C00844,Draco Drift,Standard,2026-09-01,1,1,2,227.7825,1,7,0.19676878838235531,1,High
C00845,Draco Orbit,Standard,2026-09-01,7,6,3,331.760625,3,7,0.014585426212466661,0,Low
C00846,Atlas Vale,Student,2026-09-01,3,0,2,95.312,2,7,0.17121836999268453,1,High
C00847,Orion Nexus,Standard,2026-09-01,3,2,4,387.54333333333335,3,5,0.06116648319892706,0,Medium
C00848,Vega Lumen,Standard,2026-09-01,5,3,2,371.423,4,21,0.05303858253619417,0,Medium
C00849,Cosmo Pulse,Standard,2026-09-01,6,4,3,287.32615384615383,3,6,0.02887819986978694,0,Low
C00850,Sol Orbit,Standard,2026-09-01,4,4,5,252.34076923076924,3,8,0.025009543995717597,0,Low
C00851,Andromeda Comet,Standard,2026-09-01,5,9,1,374.8806666666667,3,26,0.017336865628182554,0,Low
C00852,Titan Drift,Business,2026-09-01,3,7,5,1284.7406666666666,3,11,0.011796326425647473,0,Low
C00853,Altair Flux,Premium,2026-09-01,11,3,1,651.5953333333333,3,16,0.02235609304865246,0,Low
C00854,Astra Halo,Business,2026-09-01,10,6,8,988.0375,3,9,0.001844441847294923,0,Low
C00855,Aurora Flux,Student,2026-09-01,8,4,4,111.465,3,9,0.015676143590333994,0,Low
C00856,Atlas Astro,Standard,2026-09-01,1,5,2,376.75,2,7,0.07717367692187423,0,Medium
C00857,Nebula Void,Business,2026-09-01,9,11,3,1263.983043478261,4,19,0.0022530069784684665,0,Low
C00858,Titan Orbit,Standard,2026-09-01,7,3,3,263.5846153846154,4,14,0.02882380141324894,0,Low
C00859,Io Rune,Student,2026-09-01,3,6,5,116.97571428571429,4,8,0.018163816282443186,0,Low
C00860,Rigel Halo,Standard,2026-09-01,5,10,3,320.2638888888889,4,13,0.007634936436102692,0,Low
C00861,Calypso Meteor,Premium,2026-09-01,6,6,9,1044.2280952380952,4,7,0.0028569552848617544,0,Low
C00862,Quasar Star,Standard,2026-09-01,3,5,8,302.714375,3,5,0.010561502532728636,0,Low
C00863,Aurora Vector,Standard,2026-09-01,5,5,4,258.4092857142857,4,8,0.02003007306070537,0,Low
C00864,Atlas Orbit,Standard,2026-09-01,1,4,4,214.36333333333334,3,11,0.057248009345193245,0,Medium
C00865,Lyra Vex,Standard,2026-09-01,5,10,8,304.3704347826087,4,6,0.0019862031831665325,0,Low
C00866,Nebula Lumen,Premium,2026-09-01,4,8,7,866.87,4,5,0.00459414248593407,0,Low
C00867,Cygnus Drift,Standard,2026-09-01,8,7,3,214.87666666666667,4,6,0.009144126614072207,0,Low
C00868,Luna Quill,Student,2026-09-01,3,0,0,153.52333333333334,2,76,0.25504796265142166,1,High
C00869,Titan Gravity,Standard,2026-09-01,8,10,1,354.52315789473687,4,10,0.007293622957875498,0,Low
C00870,Lyra Zen,Standard,2026-09-01,3,5,1,227.70111111111112,3,28,0.06715293142874046,0,Medium
C00871,Lyra Rune,Premium,2026-09-01,3,0,1,640.6925,2,13,0.19422790253155497,1,High
C00872,Elara Star,Standard,2026-09-01,14,2,8,342.8645833333333,3,6,0.0026067782908219504,0,Low
C00873,Atlas Flux,Student,2026-09-01,9,7,2,85.21,4,19,0.010093416218886143,0,Low
C00874,Zenith Comet,Standard,2026-09-01,0,3,0,259.1933333333333,2,41,0.22476573339153472,1,High
C00875,Rigel Vector,Business,2026-09-01,15,9,5,1437.8796551724138,4,7,0.0006475439526226964,0,Low
C00876,Andromeda Vector,Standard,2026-09-01,1,8,2,278.8454545454546,4,20,0.034943715710549265,0,Low
C00877,Nebula Drift,Standard,2026-09-01,4,6,6,399.7075,4,7,0.0108213822311919,0,Low
C00878,Zenith Cosmos,Standard,2026-09-01,3,3,5,321.3718181818182,4,11,0.03577745945211365,0,Low
C00879,Quasar Flux,Standard,2026-09-01,6,4,7,311.6870588235294,3,10,0.009868068600359872,0,Low
C00880,Draco Zen,Standard,2026-09-01,2,6,5,338.26384615384615,3,6,0.02219923620288591,0,Low
C00881,Andromeda Echo,Standard,2026-09-01,2,8,3,229.55,3,8,0.023816089048881255,0,Low
C00882,Rigel Cosmos,Standard,2026-09-01,5,3,2,291.412,3,7,0.05711894533244925,0,Medium
C00883,Astra Void,Standard,2026-09-01,6,6,4,364.24,4,18,0.01264787132412963,0,Low
C00884,Andromeda Lumen,Standard,2026-09-01,5,5,1,449.3445454545455,3,18,0.044653561944705406,0,Low
C00885,Stella Ray,Standard,2026-09-01,10,7,7,241.355,3,9,0.002212939179450411,0,Low
C00886,Cygnus Meteor,Standard,2026-09-01,3,6,3,234.60583333333332,4,6,0.03015418381426856,0,Low
C00887,Phoenix Quill,Standard,2026-09-01,6,4,2,222.18833333333333,3,27,0.03776625944496713,0,Low
C00888,Vega Star,Standard,2026-09-01,7,4,2,276.12461538461537,4,6,0.029538376876473798,0,Low
C00889,Astra Vex,Standard,2026-09-01,4,4,3,210.14727272727274,3,6,0.042686451964698585,0,Low
C00890,Nebula Zen,Standard,2026-09-01,3,6,7,318.924375,4,5,0.010203495060854079,0,Low
C00891,Quasar Flux,Standard,2026-09-01,8,3,7,426.39166666666665,3,8,0.008375207787078582,0,Low
C00892,Draco Orbit,Business,2026-09-01,6,4,3,1450.456153846154,3,9,0.022708570293694805,0,Low
C00893,Nova Rune,Standard,2026-09-01,10,5,5,254.7745,4,7,0.005865222516278322,0,Low
C00894,Orion Ray,Student,2026-09-01,4,1,4,81.33111111111111,3,18,0.06793095187762796,0,Medium
C00895,Cosmo Zen,Premium,2026-09-01,3,0,1,1141.3625,2,7,0.17854710953498373,1,High
C00896,Luna Astro,Student,2026-09-01,8,5,3,102.81875,4,10,0.015220288193513775,0,Low
C00897,Sol Zen,Standard,2026-09-01,2,1,0,337.44,2,54,0.23961257274094253,1,High
C00898,Cosmo Rune,Premium,2026-09-01,4,3,9,1010.160625,4,8,0.008843102873380613,0,Low
C00899,Sol Solace,Standard,2026-09-01,5,4,3,234.55583333333334,4,17,0.03323880962263746,0,Low
C00900,Orion Solace,Premium,2026-09-01,9,9,9,732.3307407407408,4,7,0.00081395822697796,0,Low
C00901,Lyra Echo,Standard,2026-09-01,2,3,6,376.94363636363636,3,14,0.03463045174342127,0,Low
C00902,Quasar Astro,Standard,2026-09-01,9,5,3,325.94117647058823,4,5,0.012015936831516,0,Low
C00903,Vega Flux,Standard,2026-09-01,1,1,0,251.73,1,47,0.29247861883212806,1,High
C00904,Quasar Drift,Student,2026-09-01,5,4,2,157.42090909090908,4,5,0.04403126862730381,0,Low
C00905,Zenith Gravity,Standard,2026-09-01,0,4,1,260.596,4,25,0.1343065464442994,0,Medium
C00906,Cygnus Halo,Standard,2026-09-01,7,2,1,274.117,3,13,0.0645955110597028,0,Medium
C00907,Luna Halo,Standard,2026-09-01,6,6,4,280.354375,3,14,0.013626369841346695,0,Low
C00908,Andromeda Halo,Standard,2026-09-01,3,6,2,289.03545454545457,3,18,0.040743548985069995,0,Low
C00909,Sol Halo,Standard,2026-09-01,5,2,4,361.01363636363635,4,11,0.04020191322419671,0,Low
C00910,Aurora Orbit,Premium,2026-09-01,6,5,5,921.8325,3,9,0.011653109236344257,0,Low
C00911,Astra Comet,Premium,2026-09-01,5,7,6,918.7305555555556,3,9,0.0066231710804049914,0,Low
C00912,Cosmo Nexus,Student,2026-09-01,5,3,3,98.40454545454546,3,9,0.04585032465505631,0,Low
C00913,Phoenix Cosmos,Standard,2026-09-01,8,6,3,264.57176470588234,4,17,0.011506026002709124,0,Low
C00914,Orion Flux,Business,2026-09-01,6,8,7,1905.6038095238096,3,6,0.0026499670096074407,0,Low
C00915,Cosmo Rune,Premium,2026-09-01,9,1,2,1016.3608333333333,4,7,0.035664275257428234,0,Low
C00916,Aria Meteor,Standard,2026-09-01,5,8,4,331.3629411764706,4,19,0.009470396482938587,0,Low
C00917,Titan Vex,Business,2026-09-01,8,8,6,1348.6795454545454,4,13,0.0024996750274268085,0,Low
C00918,Lyra Vector,Standard,2026-09-01,3,4,1,436.72,2,18,0.08559898640618321,0,Medium
C00919,Titan Vale,Standard,2026-09-01,4,3,2,219.10555555555555,2,20,0.0729190166387139,0,Medium
C00920,Nebula Vex,Business,2026-09-01,11,11,4,1424.5003846153845,3,16,0.001192928828113175,0,Low
C00921,Astra Halo,Standard,2026-09-01,6,3,3,339.28583333333336,4,6,0.03436050373506267,0,Low
C00922,Altair Astro,Premium,2026-09-01,2,4,4,865.658,1,5,0.04659847097296423,0,Low
C00923,Vega Astro,Standard,2026-09-01,0,4,0,387.93,3,43,0.17234608043332375,1,High
C00924,Stella Rune,Student,2026-09-01,4,4,5,115.37846153846154,3,9,0.025714994470588674,0,Low
C00925,Phoenix Spectra,Standard,2026-09-01,8,2,4,343.41285714285715,4,12,0.022916842037870606,0,Low
C00926,Zenith Comet,Business,2026-09-01,6,6,1,1474.3946153846155,3,15,0.023670138563446866,0,Low
C00927,Stella Astro,Student,2026-09-01,3,3,8,139.58357142857142,3,5,0.017775933483878764,0,Low
C00928,Altair Halo,Standard,2026-09-01,1,0,0,63.62,1,78,0.35239865544760207,1,High
C00929,Sol Drift,Standard,2026-09-01,4,6,6,374.63125,3,7,0.011500993819419904,0,Low
C00930,Orion Star,Standard,2026-09-01,1,0,0,532.27,1,75,0.33041059737783485,1,High
C00931,Nebula Quill,Business,2026-09-01,4,2,3,1646.03,3,10,0.051106983101080215,0,Medium
C00932,Nova Lumen,Business,2026-09-01,12,5,8,1250.486,3,13,0.001512158184517613,0,Low
C00933,Altair Flux,Standard,2026-09-01,4,9,8,408.9109523809524,4,5,0.003018197301127196,0,Low
C00934,Sol Drift,Standard,2026-09-01,2,0,1,292.62666666666667,2,9,0.2398725223330222,1,High
C00935,Lyra Solace,Premium,2026-09-01,4,7,3,625.0785714285714,2,9,0.020174977063480606,0,Low
C00936,Aurora Comet,Standard,2026-09-01,2,2,3,196.37857142857143,2,6,0.10259580431737558,0,Medium
C00937,Vega Meteor,Standard,2026-09-01,3,8,0,264.75545454545454,3,35,0.04268265702153897,0,Low
C00938,Quasar Vale,Standard,2026-09-01,4,8,2,308.91285714285715,3,7,0.020900510068783705,0,Low
C00939,Vega Echo,Business,2026-09-01,6,7,2,1454.3873333333333,4,10,0.01354393144728058,0,Low
C00940,Elara Vale,Standard,2026-09-01,2,8,2,329.06583333333333,3,7,0.030404379866082916,0,Low
C00941,Atlas Comet,Premium,2026-09-01,4,5,4,769.3123076923077,3,13,0.022992990760809358,0,Low
C00942,Aurora Pulse,Student,2026-09-01,3,2,4,100.12,3,15,0.06451892953539462,0,Medium
C00943,Astra Cosmos,Student,2026-09-01,8,3,3,121.59142857142857,4,11,0.024587613914519565,0,Low
C00944,Lyra Zen,Student,2026-09-01,3,8,4,107.17733333333334,3,9,0.015460702052750595,0,Low
C00945,Lyra Pulse,Standard,2026-09-01,7,6,3,307.180625,3,5,0.014671014967319738,0,Low
C00946,Draco Halo,Standard,2026-09-01,7,6,8,324.8195238095238,4,6,0.003591226116794592,0,Low
C00947,Andromeda Gravity,Standard,2026-09-01,2,4,6,363.745,3,7,0.027408115573416207,0,Low
C00948,Stella Comet,Standard,2026-09-01,4,7,7,431.9888888888889,3,5,0.006803433053232536,0,Low
C00949,Zenith Ray,Standard,2026-09-01,4,6,2,387.40833333333336,2,7,0.035106890451807427,0,Low
C00950,Luna Drift,Student,2026-09-01,3,1,2,91.96166666666667,2,8,0.13902181949209555,0,Medium
C00951,Cygnus Vale,Standard,2026-09-01,2,2,4,441.8525,2,16,0.07614555159198046,0,Medium
C00952,Aurora Vex,Student,2026-09-01,2,0,2,125.975,2,21,0.1987190539519868,1,High
C00953,Atlas Star,Standard,2026-09-01,2,7,5,371.1492857142857,4,5,0.01638491677423102,0,Low
C00954,Draco Quill,Standard,2026-09-01,6,6,2,314.6657142857143,3,19,0.023025033579540267,0,Low
C00955,Rigel Nexus,Standard,2026-09-01,4,2,1,356.6328571428571,3,12,0.10845240753265144,0,Medium
C00956,Atlas Lumen,Standard,2026-09-01,6,6,4,275.411875,4,6,0.012941459570795052,0,Low
C00957,Luna Vale,Standard,2026-09-01,5,4,4,340.0976923076923,3,12,0.02644279436541026,0,Low
C00958,Cygnus Astro,Standard,2026-09-01,4,1,1,420.085,1,6,0.14698613631465082,0,Medium
C00959,Calypso Drift,Standard,2026-09-01,6,5,4,211.66866666666667,3,7,0.01766836303476571,0,Low
C00960,Elara Nexus,Business,2026-09-01,5,0,1,1206.3466666666666,2,24,0.1261842742666544,0,Medium
C00961,Rigel Vex,Standard,2026-09-01,9,5,3,371.3735294117647,4,5,0.011902602495606715,0,Low
C00962,Titan Quill,Standard,2026-09-01,5,7,7,228.7878947368421,3,7,0.005848165539295108,0,Low
C00963,Draco Pulse,Standard,2026-09-01,3,5,2,301.651,2,12,0.05436061338476529,0,Medium
C00964,Nebula Echo,Standard,2026-09-01,1,2,11,311.72285714285715,4,10,0.013575635493508471,0,Low
C00965,Elara Quill,Business,2026-09-01,8,9,8,1546.0372,4,9,0.0010913164776680773,0,Low
C00966,Elara Spectra,Standard,2026-09-01,0,3,5,346.7225,2,5,0.06905660774829353,0,Medium
C00967,Calypso Meteor,Standard,2026-09-01,3,8,5,378.44,4,14,0.010550801858734934,0,Low
C00968,Nebula Meteor,Standard,2026-09-01,6,5,3,526.0107142857142,3,14,0.021551903219187988,0,Low
C00969,Atlas Solace,Premium,2026-09-01,1,0,3,737.61,2,8,0.16856935300221546,1,High
C00970,Nebula Lumen,Business,2026-09-01,1,3,2,1422.7166666666667,2,22,0.09847295361619338,0,Medium
C00971,Quasar Flux,Business,2026-09-01,9,10,5,1309.8241666666668,3,12,0.0017603177296916805,0,Low
C00972,Rigel Gravity,Standard,2026-09-01,6,4,2,348.2916666666667,3,11,0.03702354448093356,0,Low
C00973,Quasar Comet,Business,2026-09-01,12,9,9,1356.949,4,5,0.00039860616553069914,0,Low
C00974,Io Gravity,Standard,2026-09-01,5,7,7,306.0752631578947,3,8,0.005751921552005957,0,Low
C00975,Luna Quill,Premium,2026-09-01,3,5,2,815.865,3,12,0.04648246489549693,0,Low
C00976,Astra Meteor,Standard,2026-09-01,6,7,5,214.31722222222223,4,15,0.007820539240593897,0,Low
C00977,Titan Zen,Standard,2026-09-01,4,2,3,314.6611111111111,2,10,0.07017530094815065,0,Medium
C00978,Io Drift,Business,2026-09-01,9,10,9,1966.0764285714286,4,7,0.0004902992081482553,0,Low
C00979,Luna Ray,Standard,2026-09-01,1,6,1,273.56375,3,14,0.07630501074451014,0,Medium
C00980,Stella Echo,Student,2026-09-01,3,3,1,114.06571428571428,3,25,0.10787366669707037,0,Medium
C00981,Cygnus Meteor,Premium,2026-09-01,1,3,2,943.23,3,10,0.10294777503794235,0,Medium
C00982,Stella Pulse,Premium,2026-09-01,8,3,3,661.1785714285714,3,18,0.02318368026720232,0,Low
C00983,Elara Meteor,Premium,2026-09-01,5,9,8,846.9113636363636,4,9,0.0022637876701315563,0,Low
C00984,Titan Vale,Standard,2026-09-01,2,0,2,300.105,2,12,0.19345536065169222,1,High
C00985,Orion Echo,Standard,2026-09-01,6,6,1,361.72923076923075,3,19,0.029707945515928286,0,Low
C00986,Aria Astro,Standard,2026-09-01,11,5,1,337.89,4,13,0.013918679120406275,0,Low
C00987,Nebula Star,Standard,2026-09-01,5,1,2,312.85125,2,11,0.09448898014060637,0,Medium
C00988,Orion Lumen,Business,2026-09-01,9,3,1,1033.133076923077,2,27,0.031750302599946045,0,Low
C00989,Cygnus Vex,Standard,2026-09-01,1,2,1,308.04,2,16,0.1887197696725797,1,High
C00990,Titan Halo,Standard,2026-09-01,3,4,4,257.2009090909091,3,10,0.039207077322290174,0,Low
C00991,Luna Vector,Business,2026-09-01,2,1,1,1415.7375,2,27,0.16192474335994567,1,High
C00992,Lyra Void,Premium,2026-09-01,5,11,1,784.7835294117647,3,28,0.009773827282314062,0,Low
C00993,Vega Vex,Student,2026-09-01,3,5,4,127.74416666666667,2,5,0.03356431104854349,0,Low
C00994,Aria Lumen,Student,2026-09-01,4,3,2,118.68444444444444,2,10,0.0746233040895283,0,Medium
C00995,Luna Pulse,Standard,2026-09-01,0,3,1,293.7775,2,16,0.18128247463928146,1,High
C00996,Altair Spectra,Standard,2026-09-01,5,3,5,333.7346153846154,4,8,0.024499140340116233,0,Low
C00997,Titan Vale,Standard,2026-09-01,4,5,3,341.57416666666666,4,6,0.031036810109030453,0,Low
C00998,Luna Rune,Business,2026-09-01,10,9,5,1475.61125,4,7,0.001696335505215742,0,Low
C00999,Sol Quill,Standard,2026-09-01,5,3,13,359.7761904761905,4,5,0.0028381918784659028,0,Low
C01000,Nova Meteor,Standard,2026-09-01,6,3,4,224.3323076923077,4,19,0.026906495509585595,0,Low
C01001,Cygnus Cosmos,Standard,2026-09-01,6,5,3,275.88,3,22,0.022627728619253714,0,Low
C01002,Rigel Void,Premium,2026-09-01,8,9,8,636.234,4,8,0.001322601951561925,0,Low
C01003,Atlas Vale,Standard,2026-09-01,1,3,2,317.05,2,11,0.12166383990229275,0,Medium
C01004,Andromeda Star,Business,2026-09-01,13,9,3,1703.1232,4,14,0.0015496012349204627,0,Low
C01005,Luna Orbit,Premium,2026-09-01,6,4,8,686.8727777777777,3,8,0.0069736032111035375,0,Low
C01006,Rigel Orbit,Student,2026-09-01,1,1,0,107.505,1,60,0.297800445265331,1,High
C01007,Lyra Star,Standard,2026-09-01,8,4,1,274.88,4,22,0.03165825266423126,0,Low
C01008,Quasar Cosmos,Standard,2026-09-01,5,5,2,290.37083333333334,3,10,0.035632440723800486,0,Low
C01009,Titan Void,Standard,2026-09-01,5,3,2,391.43,3,26,0.05561761101878469,0,Medium
C01010,Cosmo Meteor,Standard,2026-09-01,2,6,7,326.31733333333335,4,6,0.012342429344541744,0,Low
C01011,Lyra Zen,Business,2026-09-01,13,6,9,1527.5792857142858,4,7,0.0006630100200284548,0,Low
C01012,Phoenix Void,Premium,2026-09-01,4,9,3,752.32875,4,9,0.010815404098129686,0,Low
C01013,Atlas Meteor,Standard,2026-09-01,6,7,2,289.97266666666667,3,10,0.018234240612049007,0,Low
C01014,Luna Meteor,Student,2026-09-01,5,2,3,155.774,2,5,0.060483453615490346,0,Medium
C01015,Nova Vector,Student,2026-09-01,4,1,1,132.85166666666666,2,24,0.14668539074724324,0,Medium
C01016,Stella Cosmos,Standard,2026-09-01,0,3,1,224.9925,2,17,0.18339167672214102,1,High
C01017,Cosmo Quill,Premium,2026-09-01,7,5,8,898.9175,4,5,0.004071207091305594,0,Low
C01018,Nebula Star,Standard,2026-09-01,1,3,4,279.66875,2,5,0.07516744231016449,0,Medium
C01019,Phoenix Comet,Student,2026-09-01,2,0,2,67.7975,2,23,0.20056192599090156,1,High
C01020,Luna Ray,Student,2026-09-01,1,0,2,161.91333333333333,1,12,0.24088669222632816,1,High
C01021,Orion Astro,Standard,2026-09-01,7,3,1,297.9827272727273,3,15,0.05091332404751967,0,Medium
C01022,Rigel Comet,Student,2026-09-01,0,1,0,50.21,1,39,0.34447227443401035,1,High
C01023,Orion Nexus,Premium,2026-09-01,4,6,3,774.0692307692308,3,6,0.023595736282777047,0,Low
C01024,Nova Ray,Premium,2026-09-01,5,4,3,784.6616666666666,3,5,0.03150567654087741,0,Low
C01025,Atlas Void,Standard,2026-09-01,6,8,4,282.14444444444445,3,5,0.008387863109004141,0,Low
C01026,Luna Solace,Standard,2026-09-01,6,8,6,379.5485,4,5,0.004529170666652243,0,Low
C01027,Quasar Star,Student,2026-09-01,4,5,3,123.0125,3,6,0.034270189738751206,0,Low
C01028,Draco Echo,Standard,2026-09-01,6,5,6,430.1164705882353,3,10,0.009866853584365362,0,Low
C01029,Nebula Orbit,Standard,2026-09-01,4,5,2,264.2218181818182,2,5,0.04564636075121195,0,Low
C01030,Lyra Vector,Standard,2026-09-01,3,2,0,203.774,2,42,0.17317942843006048,1,High
C01031,Atlas Ray,Business,2026-09-01,9,9,8,1045.0053846153846,4,6,0.0009999636932864406,0,Low
C01032,Phoenix Flux,Student,2026-09-01,5,5,1,107.87454545454545,3,9,0.04798548537888356,0,Low
C01033,Atlas Ray,Standard,2026-09-01,5,4,3,273.8925,2,6,0.03690463827286995,0,Low
C01034,Nebula Vale,Business,2026-09-01,5,4,3,1519.1083333333333,3,11,0.027044000079201137,0,Low
C01035,Orion Rune,Student,2026-09-01,4,2,4,147.398,4,16,0.05044205345947095,0,Medium
C01036,Quasar Star,Standard,2026-09-01,4,5,3,355.165,3,23,0.03248406487734629,0,Low
C01037,Rigel Comet,Premium,2026-09-01,8,6,6,821.5315,4,6,0.0045790511004677485,0,Low
C01038,Sol Rune,Business,2026-09-01,5,7,4,1659.31375,3,5,0.00973617882120979,0,Low
C01039,Cosmo Halo,Standard,2026-09-01,6,8,4,350.1872222222222,4,6,0.007817143923218965,0,Low
C01040,Titan Star,Standard,2026-09-01,4,6,2,260.1791666666667,3,6,0.034135412604104916,0,Low
C01041,Phoenix Halo,Standard,2026-09-01,4,5,5,286.64428571428573,3,5,0.019530702594499096,0,Low
C01042,Calypso Vale,Standard,2026-09-01,2,4,4,311.325,4,8,0.04429949670860628,0,Low
C01043,Luna Lumen,Business,2026-09-01,7,7,3,1727.939411764706,3,9,0.008532553661080968,0,Low
C01044,Titan Vector,Standard,2026-09-01,3,1,1,238.472,2,7,0.1704611804782979,1,High
C01045,Titan Spectra,Standard,2026-09-01,2,7,4,368.9469230769231,3,7,0.022593903697906377,0,Low
C01046,Lyra Lumen,Standard,2026-09-01,2,1,7,273.653,4,6,0.04159050332481181,0,Low
C01047,Titan Vector,Standard,2026-09-01,6,4,4,338.08142857142855,4,8,0.020739375831292983,0,Low
C01048,Andromeda Void,Standard,2026-09-01,3,3,0,316.58666666666664,2,32,0.1382278672503017,0,Medium
C01049,Phoenix Vector,Standard,2026-09-01,7,2,2,206.6909090909091,3,14,0.05066117273050438,0,Medium
C01050,Draco Vector,Standard,2026-09-01,3,5,6,312.845,4,10,0.01700710801652759,0,Low
C01051,Atlas Nexus,Standard,2026-09-01,9,3,3,358.02066666666667,3,10,0.02046693592695221,0,Low
C01052,Io Vex,Standard,2026-09-01,3,10,0,398.88384615384615,4,31,0.024435648789652535,0,Low
C01053,Astra Meteor,Standard,2026-09-01,5,3,2,270.882,3,10,0.057292141040501024,0,Medium
C01054,Phoenix Ray,Standard,2026-09-01,4,8,3,371.17533333333336,3,9,0.015791202199230393,0,Low
C01055,Phoenix Halo,Standard,2026-09-01,7,2,1,223.632,2,20,0.06859380229016923,0,Medium
C01056,Titan Solace,Standard,2026-09-01,3,7,2,358.945,3,14,0.031710690200644064,0,Low
C01057,Rigel Rune,Standard,2026-09-01,6,2,5,453.39846153846156,4,9,0.025145560624772384,0,Low
C01058,Vega Spectra,Student,2026-09-01,2,1,1,120.1625,1,18,0.21235485560975972,1,High
C01059,Io Spectra,Standard,2026-09-01,0,1,1,325.715,1,8,0.2765540800490346,1,High
C01060,Quasar Astro,Student,2026-09-01,4,0,1,170.78,3,18,0.17134169738094476,1,High
C01061,Nebula Pulse,Premium,2026-09-01,4,10,4,700.0233333333333,4,8,0.006542451834354003,0,Low
C01062,Phoenix Star,Student,2026-09-01,1,0,0,80.27,1,73,0.35202365655747503,1,High
C01063,Stella Lumen,Business,2026-09-01,1,13,6,1455.905,4,9,0.002778320219787965,0,Low
C01064,Aria Pulse,Business,2026-09-01,11,7,3,1675.945238095238,4,6,0.003769094594231721,0,Low
C01065,Rigel Vale,Student,2026-09-01,6,6,4,145.80375,4,6,0.013295683328549593,0,Low
C01066,Nebula Quill,Standard,2026-09-01,3,3,3,240.17888888888888,2,5,0.06794158328451844,0,Medium
C01067,Phoenix Lumen,Standard,2026-09-01,4,6,2,338.765,4,7,0.0318005038578159,0,Low
C01068,Calypso Orbit,Standard,2026-09-01,6,3,2,370.51272727272726,4,25,0.044025817631034775,0,Low
C01069,Zenith Cosmos,Standard,2026-09-01,4,1,5,374.804,4,8,0.04719763135915779,0,Low
C01070,Lyra Astro,Standard,2026-09-01,3,3,4,304.254,3,6,0.04923867116499201,0,Low
C01071,Atlas Vex,Premium,2026-09-01,4,1,1,715.165,3,19,0.12584521090136572,0,Medium
C01072,Titan Meteor,Premium,2026-09-01,12,10,5,975.3340740740741,4,8,0.0009988351892141424,0,Low
C01073,Rigel Vector,Standard,2026-09-01,6,3,2,304.7163636363636,3,19,0.047177320678935895,0,Low
C01074,Nova Solace,Student,2026-09-01,6,2,2,96.634,4,21,0.058862604980536505,0,Medium
C01075,Sol Cosmos,Premium,2026-09-01,3,1,1,672.658,2,19,0.15729191075521734,1,High
C01076,Altair Zen,Standard,2026-09-01,2,3,1,179.415,3,12,0.12706454716227908,0,Medium
C01077,Lyra Flux,Business,2026-09-01,7,4,6,1245.9911764705882,3,5,0.008778023132982685,0,Low
C01078,Lyra Nexus,Standard,2026-09-01,1,1,6,221.95625,3,11,0.06875231593119537,0,Medium
C01079,Calypso Spectra,Premium,2026-09-01,6,4,3,879.6630769230769,4,7,0.02419555141275518,0,Low
C01080,Nebula Meteor,Business,2026-09-01,2,5,2,1378.4555555555555,2,6,0.05280521682717869,0,Medium
C01081,Draco Vector,Business,2026-09-01,9,3,1,1811.0684615384616,3,13,0.025758752170617863,0,Low
C01082,Stella Drift,Standard,2026-09-01,8,2,3,300.2523076923077,3,7,0.03186752885099519,0,Low
C01083,Andromeda Gravity,Student,2026-09-01,4,5,2,146.59636363636363,4,8,0.04192650751959822,0,Low
C01084,Io Zen,Standard,2026-09-01,3,3,2,309.28,2,17,0.08578709869782704,0,Medium
C01085,Nebula Gravity,Standard,2026-09-01,7,4,7,365.59055555555557,4,5,0.00762433896418676,0,Low
C01086,Aria Vex,Standard,2026-09-01,4,4,3,367.89181818181817,3,5,0.04136095093296079,0,Low
C01087,Sol Quill,Premium,2026-09-01,5,6,2,774.8184615384615,3,5,0.0254471934476122,0,Low
C01088,Calypso Vector,Student,2026-09-01,2,2,1,94.932,2,22,0.16658630252880421,1,High
C01089,Astra Zen,Student,2026-09-01,10,6,5,113.68809523809524,4,10,0.004721368342014046,0,Low
C01090,Lyra Flux,Business,2026-09-01,10,7,7,1574.29625,4,10,0.0015791316202093965,0,Low
C01091,Quasar Cosmos,Standard,2026-09-01,1,6,1,190.9675,3,12,0.07759671937456736,0,Medium
C01092,Luna Ray,Student,2026-09-01,1,6,1,144.61875,3,24,0.07797644362984914,0,Medium
C01093,Sol Rune,Standard,2026-09-01,3,6,3,323.97333333333336,2,6,0.03301966675937441,0,Low
C01094,Draco Gravity,Standard,2026-09-01,5,5,4,236.79071428571427,3,18,0.021182635616166477,0,Low
C01095,Atlas Nexus,Standard,2026-09-01,6,7,8,322.4814285714286,4,7,0.003409113725216715,0,Low
C01096,Phoenix Nexus,Standard,2026-09-01,3,2,2,274.14285714285717,2,25,0.10764580337388473,0,Medium
C01097,Stella Meteor,Standard,2026-09-01,4,6,2,353.25333333333333,3,5,0.03350558418289938,0,Low
C01098,Sol Astro,Standard,2026-09-01,6,4,0,342.166,3,40,0.06152735718364887,0,Medium
C01099,Altair Ray,Standard,2026-09-01,3,7,2,345.9766666666667,3,21,0.031714305630834286,0,Low
C01100,Nova Spectra,Student,2026-09-01,7,7,3,122.4629411764706,3,9,0.011934017240580633,0,Low
C01101,Aria Rune,Standard,2026-09-01,5,7,1,370.0576923076923,3,6,0.028321097465091396,0,Low
C01102,Orion Quill,Standard,2026-09-01,6,3,2,342.9918181818182,3,19,0.04681541355287418,0,Low
C01103,Cosmo Meteor,Student,2026-09-01,4,6,10,136.8205,3,5,0.004113622864213344,0,Low
C01104,Andromeda Flux,Premium,2026-09-01,6,2,5,926.1515384615385,4,5,0.02284495373221481,0,Low
C01105,Luna Rune,Standard,2026-09-01,4,2,1,368.61285714285714,3,20,0.10791948825118834,0,Medium
C01106,Lyra Astro,Business,2026-09-01,4,4,4,1353.9958333333334,3,9,0.025970290207813572,0,Low
C01107,Titan Spectra,Standard,2026-09-01,5,6,3,346.83,4,10,0.020137574302483037,0,Low
C01108,Orion Pulse,Standard,2026-09-01,6,2,5,357.7246153846154,3,7,0.027110293107589185,0,Low
C01109,Sol Orbit,Standard,2026-09-01,5,4,2,311.8627272727273,3,19,0.044814764451554266,0,Low
C01110,Luna Astro,Standard,2026-09-01,3,6,0,306.1144444444444,3,34,0.06753467322011168,0,Medium
C01111,Cosmo Meteor,Business,2026-09-01,5,13,7,1555.9048,4,10,0.0009540038613788149,0,Low
C01112,Lyra Vex,Student,2026-09-01,4,4,7,132.636,3,5,0.015067392505087082,0,Low
C01113,Draco Flux,Business,2026-09-01,18,7,8,1677.6969696969697,4,5,0.00024940636493370834,0,Low
C01114,Titan Comet,Premium,2026-09-01,3,2,2,585.0042857142857,2,26,0.10146800049897163,0,Medium
C01115,Quasar Zen,Standard,2026-09-01,9,4,2,267.32733333333334,3,13,0.0213449615205181,0,Low
C01116,Nova Pulse,Standard,2026-09-01,4,0,0,442.1425,3,71,0.200745356914777,1,High
C01117,Zenith Comet,Standard,2026-09-01,0,2,0,236.34,2,44,0.27137640619875025,1,High
C01118,Io Vex,Standard,2026-09-01,5,2,3,273.531,3,15,0.05583491608651033,0,Medium
C01119,Cygnus Star,Standard,2026-09-01,3,2,1,495.255,2,12,0.1317928481542921,0,Medium
C01120,Calypso Ray,Premium,2026-09-01,10,9,4,843.2434782608696,4,7,0.0025415095384531843,0,Low
C01121,Zenith Zen,Business,2026-09-01,11,4,3,1375.516111111111,3,18,0.008822005905351123,0,Low
C01122,Atlas Vale,Standard,2026-09-01,2,5,6,396.65615384615387,3,5,0.0214136767464476,0,Low
C01123,Elara Vex,Premium,2026-09-01,7,1,2,1210.353,4,19,0.049551830775215244,0,Low
C01124,Cygnus Quill,Standard,2026-09-01,4,4,4,260.35583333333335,3,9,0.03249594432922086,0,Low
C01125,Orion Pulse,Standard,2026-09-01,1,2,4,349.8342857142857,2,12,0.09274470379756991,0,Medium
C01126,Calypso Halo,Student,2026-09-01,0,0,0,0.0,0,94,0.4132960647362668,1,High
C01127,Orion Gravity,Standard,2026-09-01,2,5,6,519.6946153846154,3,8,0.020853134143054723,0,Low
C01128,Andromeda Vale,Student,2026-09-01,3,3,3,132.34555555555556,3,6,0.06582531385256139,0,Medium
C01129,Io Vale,Student,2026-09-01,7,4,1,101.39666666666666,3,14,0.04187644869659574,0,Low
C01130,Luna Solace,Student,2026-09-01,4,4,3,150.51454545454544,2,12,0.04549445329772621,0,Low
C01131,Andromeda Meteor,Standard,2026-09-01,5,2,7,329.8107142857143,3,5,0.019406134394946963,0,Low
C01132,Aurora Spectra,Standard,2026-09-01,7,5,2,426.2528571428571,4,11,0.022479802165181306,0,Low
C01133,Phoenix Ray,Premium,2026-09-01,7,7,5,962.0357894736842,4,7,0.005527801390167026,0,Low
C01134,Sol Flux,Standard,2026-09-01,0,5,3,381.43375,2,9,0.07173480969097776,0,Medium
C01135,Cygnus Echo,Standard,2026-09-01,2,3,5,245.496,4,6,0.04386832640591665,0,Low
C01136,Io Meteor,Student,2026-09-01,3,0,0,108.58,2,66,0.25757000710712236,1,High
C01137,Lyra Quill,Standard,2026-09-01,9,3,3,245.318,3,7,0.020972470170616434,0,Low
C01138,Altair Star,Premium,2026-09-01,5,6,3,1068.765,3,5,0.01835978580634816,0,Low
C01139,Cosmo Flux,Standard,2026-09-01,9,2,6,309.8517647058824,3,15,0.01179621778350823,0,Low
C01140,Luna Meteor,Premium,2026-09-01,7,10,4,728.7752380952381,4,8,0.0036397926761083097,0,Low
C01141,Lyra Astro,Standard,2026-09-01,5,10,6,279.0238095238095,3,6,0.0036309480386984413,0,Low
C01142,Cosmo Rune,Business,2026-09-01,13,9,3,1636.4012,3,13,0.0016630397227218703,0,Low
C01143,Quasar Halo,Standard,2026-09-01,2,3,0,510.314,3,36,0.15002880302494315,1,High
C01144,Sol Vale,Standard,2026-09-01,3,4,0,204.93142857142857,3,43,0.1077733735323268,0,Medium
C01145,Draco Zen,Standard,2026-09-01,4,5,6,454.93466666666666,4,7,0.013650213475216942,0,Low
C01146,Zenith Star,Standard,2026-09-01,7,5,2,301.22214285714284,3,9,0.02438845853130574,0,Low
C01147,Quasar Vector,Standard,2026-09-01,0,2,0,548.09,2,32,0.25942214367278243,1,High
C01148,Luna Orbit,Standard,2026-09-01,6,4,4,254.15214285714285,4,7,0.02111003645719147,0,Low
C01149,Astra Gravity,Premium,2026-09-01,4,9,3,985.863125,4,7,0.010308100317977756,0,Low
C01150,Aurora Spectra,Standard,2026-09-01,5,4,6,273.854,3,5,0.015787361736465035,0,Low
C01151,Vega Echo,Business,2026-09-01,4,1,2,872.3828571428571,2,16,0.1010508574566996,0,Medium
C01152,Lyra Zen,Standard,2026-09-01,9,9,2,411.4845,3,22,0.006102487495979417,0,Low
C01153,Andromeda Vector,Standard,2026-09-01,5,3,4,299.5758333333333,4,10,0.03210170365321709,0,Low
C01154,Cosmo Astro,Business,2026-09-01,11,12,6,1666.9972413793103,4,8,0.0004880170055333841,0,Low
C01155,Orion Lumen,Standard,2026-09-01,7,5,1,319.39307692307693,4,20,0.029840950351969663,0,Low
C01156,Cygnus Vector,Standard,2026-09-01,3,5,3,286.09181818181816,4,7,0.03785861383028006,0,Low
C01157,Nebula Meteor,Student,2026-09-01,0,1,1,117.905,1,13,0.2850355340676487,1,High
C01158,Luna Solace,Business,2026-09-01,13,10,10,2033.780606060606,4,5,0.00016944289952337507,0,Low
C01159,Aria Zen,Premium,2026-09-01,5,9,9,789.8221739130435,3,8,0.0018488288439506154,0,Low
C01160,Aurora Cosmos,Standard,2026-09-01,1,2,3,343.50166666666667,2,25,0.11789985860637457,0,Medium
C01161,Altair Flux,Business,2026-09-01,6,1,0,1140.51,2,55,0.10886733733999225,0,Medium
C01162,Orion Zen,Standard,2026-09-01,2,5,4,286.71,3,6,0.03711268160036274,0,Low
C01163,Titan Rune,Standard,2026-09-01,2,4,3,256.02222222222224,2,18,0.06420584740154246,0,Medium
C01164,Nova Lumen,Business,2026-09-01,6,10,10,1944.2511538461538,4,6,0.000672778240273882,0,Low
C01165,Astra Astro,Standard,2026-09-01,4,5,5,249.8257142857143,3,12,0.01962962134955483,0,Low
C01166,Cygnus Solace,Standard,2026-09-01,5,2,3,338.734,3,9,0.055230732027944304,0,Medium
C01167,Atlas Lumen,Standard,2026-09-01,3,8,3,231.44642857142858,4,17,0.018564368700441602,0,Low
C01168,Titan Astro,Business,2026-09-01,5,9,8,1285.600909090909,4,8,0.002064729086259896,0,Low
C01169,Titan Comet,Standard,2026-09-01,5,5,2,302.64416666666665,3,12,0.03551785777474397,0,Low
C01170,Titan Meteor,Premium,2026-09-01,3,7,6,830.5125,4,9,0.009383334302513337,0,Low
C01171,Lyra Meteor,Student,2026-09-01,5,4,2,113.49363636363637,2,6,0.049438646598725544,0,Low
C01172,Calypso Drift,Standard,2026-09-01,3,3,5,221.97454545454545,3,13,0.038513725477385616,0,Low
C01173,Orion Drift,Standard,2026-09-01,4,0,2,484.71666666666664,3,15,0.12865155441997325,0,Medium
C01174,Rigel Lumen,Standard,2026-09-01,6,7,7,316.0695,4,5,0.004477720102001616,0,Low
C01175,Vega Astro,Student,2026-09-01,0,0,0,0.0,0,120,0.41093830482188676,1,High
C01176,Titan Ray,Standard,2026-09-01,0,3,7,247.285,4,7,0.03780056587383004,0,Low
C01177,Stella Void,Standard,2026-09-01,8,4,4,318.921875,3,5,0.015036632092833378,0,Low
C01178,Aria Nexus,Standard,2026-09-01,6,5,1,269.1525,4,9,0.03652872827459116,0,Low
C01179,Rigel Star,Premium,2026-09-01,9,6,11,872.521923076923,4,6,0.0009625024802906384,0,Low
C01180,Cygnus Vex,Standard,2026-09-01,6,1,4,247.2581818181818,3,8,0.04569371992587117,0,Low
C01181,Lyra Rune,Standard,2026-09-01,7,1,3,314.8390909090909,3,8,0.048518740527467415,0,Low
C01182,Cosmo Nexus,Standard,2026-09-01,2,1,2,263.4,2,15,0.15871228449723465,1,High
C01183,Draco Drift,Standard,2026-09-01,3,6,5,498.8357142857143,3,13,0.017702675326335418,0,Low
C01184,Lyra Quill,Student,2026-09-01,0,2,4,171.62666666666667,2,9,0.11431363126354219,0,Medium
C01185,Stella Solace,Premium,2026-09-01,9,9,5,771.9404347826087,4,5,0.0023904701977717916,0,Low
C01186,Calypso Lumen,Student,2026-09-01,6,4,3,135.29384615384615,3,7,0.02978124170615,0,Low
C01187,Altair Flux,Standard,2026-09-01,6,3,3,330.2966666666667,3,7,0.03633169605298414,0,Low
C01188,Zenith Star,Standard,2026-09-01,6,3,6,208.86333333333334,3,6,0.016841196297761714,0,Low
C01189,Luna Meteor,Student,2026-09-01,3,5,7,111.49733333333333,3,7,0.014362478243426442,0,Low
C01190,Luna Lumen,Standard,2026-09-01,7,3,4,230.85357142857143,3,9,0.023571701270520915,0,Low
C01191,Phoenix Solace,Standard,2026-09-01,10,10,8,342.6014285714286,4,5,0.000746555487298476,0,Low
C01192,Rigel Lumen,Premium,2026-09-01,3,8,4,987.8573333333334,3,7,0.012880851689775912,0,Low
C01193,Cygnus Halo,Standard,2026-09-01,0,0,0,0.0,0,126,0.41039478260812184,1,High
C01194,Elara Zen,Business,2026-09-01,11,5,5,1737.8238095238096,4,11,0.0035338223776904655,0,Low
C01195,Aurora Halo,Standard,2026-09-01,2,4,2,264.57875,2,15,0.08253798835078542,0,Medium
C01196,Nebula Solace,Student,2026-09-01,5,3,2,161.989,3,6,0.05862905914674369,0,Medium
C01197,Vega Gravity,Business,2026-09-01,6,4,5,1111.9626666666666,4,7,0.013527644966314607,0,Low
C01198,Vega Star,Standard,2026-09-01,6,6,5,331.63882352941175,3,8,0.01033079255988619,0,Low
C01199,Lyra Comet,Premium,2026-09-01,8,5,8,841.0009523809524,4,10,0.003389115052033334,0,Low
C01200,Astra Void,Standard,2026-09-01,7,5,3,292.75,3,12,0.018707959782511652,0,Low
C01201,Calypso Spectra,Business,2026-09-01,10,18,8,1223.6277777777777,4,5,8.61506689667384e-05,0,Low
C01202,Phoenix Meteor,Standard,2026-09-01,2,1,0,121.78666666666666,2,45,0.2486344903208511,1,High
C01203,Zenith Pulse,Student,2026-09-01,6,6,3,111.386,3,21,0.018390770832686927,0,Low
C01204,Zenith Quill,Standard,2026-09-01,3,0,1,343.6125,3,19,0.1948813002497276,1,High
C01205,Rigel Vex,Student,2026-09-01,1,4,4,122.58666666666667,3,11,0.058302731535210525,0,Medium
C01206,Stella Vector,Standard,2026-09-01,0,6,0,410.415,4,36,0.10706967184841906,0,Medium
C01207,Stella Flux,Premium,2026-09-01,5,6,8,883.6321052631579,4,6,0.004703115109161151,0,Low
C01208,Draco Nexus,Standard,2026-09-01,10,1,2,321.8976923076923,2,5,0.0379887899930805,0,Low
C01209,Lyra Quill,Premium,2026-09-01,9,9,9,963.0644444444445,4,13,0.0007735515100849284,0,Low
C01210,Rigel Vector,Student,2026-09-01,4,7,4,116.98133333333334,3,20,0.016179220603124784,0,Low
C01211,Elara Star,Standard,2026-09-01,4,8,5,379.37470588235294,3,8,0.009221015504303699,0,Low
C01212,Nebula Zen,Student,2026-09-01,5,6,2,111.42615384615385,3,7,0.029140028017330902,0,Low
C01213,Nova Flux,Standard,2026-09-01,0,1,1,429.445,1,11,0.27197181990577785,1,High
C01214,Draco Rune,Standard,2026-09-01,2,2,0,209.135,2,43,0.20256255488496802,1,High
C01215,Io Echo,Standard,2026-09-01,5,3,6,215.15,3,8,0.020340173423161412,0,Low
C01216,Lyra Meteor,Premium,2026-09-01,14,10,5,717.0241379310345,4,5,0.0007160192661088278,0,Low
C01217,Sol Astro,Business,2026-09-01,9,5,10,1312.6166666666666,4,8,0.0014710837202797351,0,Low
C01218,Aurora Solace,Student,2026-09-01,3,3,4,80.851,2,5,0.05433381321720061,0,Medium
C01219,Atlas Comet,Business,2026-09-01,9,5,5,1483.9742105263158,4,5,0.0055017294894074064,0,Low
C01220,Orion Void,Standard,2026-09-01,6,10,1,345.93176470588236,3,26,0.01128998663163422,0,Low
C01221,Nebula Nexus,Standard,2026-09-01,6,6,2,251.25357142857143,3,10,0.0234049844230761,0,Low
C01222,Vega Meteor,Standard,2026-09-01,4,6,3,340.0092307692308,4,14,0.024352400684075095,0,Low
C01223,Calypso Star,Premium,2026-09-01,7,5,2,819.9828571428571,3,14,0.02187390196524944,0,Low
C01224,Altair Drift,Standard,2026-09-01,5,4,8,192.9170588235294,3,5,0.009388752972695646,0,Low
C01225,Quasar Zen,Standard,2026-09-01,6,8,2,282.81375,4,18,0.01351175120411794,0,Low
C01226,Atlas Nexus,Student,2026-09-01,4,6,5,90.71666666666667,3,9,0.01593879871156127,0,Low
C01227,Aria Halo,Student,2026-09-01,4,8,4,137.013125,3,12,0.012670780006695253,0,Low
C01228,Lyra Rune,Business,2026-09-01,13,5,9,1519.927037037037,3,7,0.0008989492254734212,0,Low
C01229,Titan Drift,Student,2026-09-01,5,0,3,151.3175,2,11,0.09528118083855493,0,Medium
C01230,Phoenix Orbit,Standard,2026-09-01,6,4,1,373.7427272727273,3,24,0.04755788945015213,0,Low
C01231,Titan Flux,Standard,2026-09-01,4,2,5,299.24545454545455,3,10,0.039913360721902574,0,Low
C01232,Lyra Cosmos,Standard,2026-09-01,3,3,3,394.0466666666667,3,14,0.06233308199065348,0,Medium
C01233,Orion Ray,Standard,2026-09-01,3,4,2,278.40555555555557,3,9,0.06539125390983781,0,Medium
C01234,Draco Rune,Standard,2026-09-01,8,5,3,318.306875,3,24,0.01530399645021724,0,Low
C01235,Quasar Rune,Business,2026-09-01,4,9,6,1831.8705263157894,4,6,0.003843230654810777,0,Low
C01236,Cosmo Orbit,Standard,2026-09-01,1,5,2,264.27625,3,7,0.07488666498241614,0,Medium
C01237,Sol Solace,Standard,2026-09-01,7,11,2,324.8685,3,5,0.005635738579742149,0,Low
C01238,Andromeda Echo,Premium,2026-09-01,5,1,2,1007.73875,2,13,0.08260512288317623,0,Medium
C01239,Quasar Quill,Standard,2026-09-01,2,4,1,286.67,2,22,0.10489284275686248,0,Medium
C01240,Luna Halo,Business,2026-09-01,7,1,0,1822.69,3,57,0.07600944444088194,0,Medium
C01241,Aria Lumen,Standard,2026-09-01,3,8,6,343.2605882352941,2,12,0.009086856805922323,0,Low
C01242,Calypso Rune,Student,2026-09-01,5,6,6,108.2664705882353,3,9,0.010024183395121558,0,Low
C01243,Aria Echo,Standard,2026-09-01,6,4,4,257.50928571428574,4,5,0.02111085991186608,0,Low
C01244,Vega Nexus,Standard,2026-09-01,4,4,2,468.397,4,12,0.04965687935664486,0,Low
C01245,Rigel Gravity,Standard,2026-09-01,7,4,3,337.91214285714284,3,11,0.02360688637400245,0,Low
C01246,Nebula Vector,Student,2026-09-01,4,7,5,164.18375,4,9,0.011641158282727146,0,Low
C01247,Stella Star,Standard,2026-09-01,3,1,2,248.39166666666668,2,15,0.13480995659506903,0,Medium
C01248,Draco Spectra,Standard,2026-09-01,3,2,5,300.013,3,13,0.04800811742372521,0,Low
C01249,Elara Vector,Premium,2026-09-01,5,6,4,1143.3133333333333,3,5,0.013837584053745218,0,Low
C01250,Elara Pulse,Business,2026-09-01,4,10,3,1512.714705882353,3,14,0.007624295658462871,0,Low
C01251,Cosmo Comet,Premium,2026-09-01,7,5,5,924.8652941176471,4,5,0.009100196037259391,0,Low
C01252,Stella Gravity,Standard,2026-09-01,4,6,4,304.42571428571426,3,17,0.01985175940402687,0,Low
C01253,Quasar Astro,Standard,2026-09-01,1,3,2,316.54833333333335,2,16,0.12147529372425926,0,Medium
C01254,Draco Nexus,Standard,2026-09-01,6,0,2,520.48375,4,11,0.08595053455222008,0,Medium
C01255,Sol Zen,Standard,2026-09-01,1,6,1,281.56125,3,14,0.0761860933999726,0,Medium
C01256,Aurora Vale,Standard,2026-09-01,2,0,2,255.4375,2,15,0.19475482371080036,1,High
C01257,Elara Meteor,Standard,2026-09-01,3,6,4,335.6776923076923,3,9,0.023925276428719475,0,Low
C01258,Quasar Vex,Student,2026-09-01,1,6,1,130.965,2,14,0.0826225938189132,0,Medium
C01259,Calypso Zen,Standard,2026-09-01,5,4,7,243.38625,3,6,0.012149941491908152,0,Low
C01260,Rigel Halo,Business,2026-09-01,0,4,2,1757.9633333333334,2,5,0.08858270553219141,0,Medium
C01261,Vega Pulse,Standard,2026-09-01,5,5,7,283.0570588235294,3,5,0.00944329897501512,0,Low
C01262,Orion Vale,Premium,2026-09-01,4,5,2,1194.6527272727274,3,16,0.035675670174846526,0,Low
C01263,Luna Zen,Standard,2026-09-01,6,2,7,361.932,4,7,0.015055933054702412,0,Low
C01264,Vega Solace,Premium,2026-09-01,6,6,6,928.6522222222222,3,14,0.00694917765092124,0,Low
C01265,Draco Halo,Standard,2026-09-01,7,2,3,216.64416666666668,3,8,0.039087007981518915,0,Low
C01266,Altair Pulse,Premium,2026-09-01,7,7,9,806.2886956521739,4,5,0.0019357520207633537,0,Low
C01267,Nova Solace,Standard,2026-09-01,5,15,4,234.38041666666666,3,6,0.0018408116361439272,0,Low
C01268,Aurora Solace,Student,2026-09-01,2,3,3,108.8425,3,19,0.07884444674512835,0,Medium
C01269,Vega Cosmos,Business,2026-09-01,7,9,7,1842.1295652173912,4,6,0.0016347615678140484,0,Low
C01270,Calypso Echo,Standard,2026-09-01,4,3,2,530.1922222222222,2,6,0.06893747470960997,0,Medium
C01271,Titan Vex,Standard,2026-09-01,4,2,3,258.2788888888889,3,21,0.06707480683965619,0,Medium
C01272,Phoenix Vale,Premium,2026-09-01,6,2,4,855.5108333333334,4,7,0.030174525490854177,0,Low
C01273,Stella Void,Premium,2026-09-01,11,3,4,698.2455555555556,4,10,0.00940700733870241,0,Low
C01274,Phoenix Pulse,Standard,2026-09-01,4,5,8,336.04058823529414,4,8,0.008172338250634605,0,Low
C01275,Draco Rune,Standard,2026-09-01,3,0,3,316.64166666666665,3,10,0.124248266649338,0,Medium
C01276,Calypso Comet,Premium,2026-09-01,4,2,2,695.54,2,26,0.08326687637397867,0,Medium
C01277,Cosmo Zen,Student,2026-09-01,1,3,5,78.25555555555556,3,13,0.05741597816425299,0,Medium
C01278,Sol Vale,Business,2026-09-01,10,5,2,1995.5729411764705,3,9,0.009661566851110618,0,Low
C01279,Andromeda Gravity,Student,2026-09-01,4,2,3,135.01777777777778,2,7,0.07276639503836882,0,Medium
C01280,Phoenix Void,Premium,2026-09-01,3,8,6,795.2717647058823,4,6,0.007409288040089763,0,Low
C01281,Cosmo Drift,Premium,2026-09-01,7,8,5,938.445,4,6,0.004347394796103602,0,Low
C01282,Nebula Cosmos,Standard,2026-09-01,6,4,5,388.23,3,8,0.01661523592960381,0,Low
C01283,Andromeda Nexus,Premium,2026-09-01,8,6,8,786.3013636363636,4,8,0.002682688889341332,0,Low
C01284,Nova Astro,Business,2026-09-01,11,4,7,1563.7295454545454,3,8,0.002888383723065714,0,Low
C01285,Calypso Gravity,Standard,2026-09-01,9,4,5,180.59222222222223,3,10,0.009748686273578555,0,Low
C01286,Andromeda Cosmos,Student,2026-09-01,4,1,1,90.63166666666666,2,16,0.1481821380773335,0,Medium
C01287,Zenith Vector,Standard,2026-09-01,2,6,1,319.75666666666666,4,23,0.059665724850627454,0,Medium
C01288,Stella Comet,Premium,2026-09-01,4,3,4,856.0363636363636,3,6,0.03656250122465765,0,Low
C01289,Nebula Astro,Standard,2026-09-01,5,7,9,251.9547619047619,3,5,0.0033912195236624806,0,Low
C01290,Astra Rune,Standard,2026-09-01,7,4,4,280.418,3,5,0.01835053802951211,0,Low
C01291,Nebula Vector,Premium,2026-09-01,9,7,3,767.3926315789473,4,5,0.006718570669334089,0,Low
C01292,Orion Ray,Standard,2026-09-01,6,1,1,309.2425,3,28,0.09580771419031786,0,Medium
C01293,Sol Spectra,Standard,2026-09-01,3,0,1,264.77,3,16,0.19768422896415655,1,High
C01294,Draco Quill,Business,2026-09-01,10,7,7,995.8520833333333,4,8,0.0017852094479694043,0,Low
C01295,Nebula Vex,Business,2026-09-01,14,13,5,1378.8753125,4,6,0.0002970088734423607,0,Low
C01296,Aurora Flux,Standard,2026-09-01,2,2,2,316.78833333333336,2,23,0.1268767610396893,0,Medium
C01297,Aria Spectra,Business,2026-09-01,7,13,7,1865.4496296296297,4,8,0.0006064319910200158,0,Low
C01298,Lyra Echo,Standard,2026-09-01,7,3,2,235.27833333333334,4,9,0.037766785994727346,0,Low
C01299,Altair Gravity,Student,2026-09-01,0,0,1,36.28,1,26,0.3406277029630753,1,High
C01300,Cosmo Flux,Standard,2026-09-01,2,4,5,518.930909090909,3,13,0.03447288645405599,0,Low
C01301,Sol Solace,Standard,2026-09-01,2,5,1,287.88875,2,29,0.08365928331223356,0,Medium
C01302,Vega Comet,Standard,2026-09-01,0,1,1,308.075,1,9,0.2772247783126293,1,High
C01303,Atlas Drift,Student,2026-09-01,6,5,2,83.77615384615385,3,17,0.03072023532545153,0,Low
C01304,Andromeda Vale,Premium,2026-09-01,12,3,9,726.7520833333333,4,9,0.001995098211752619,0,Low
C01305,Elara Star,Business,2026-09-01,11,6,2,1261.6373684210525,3,25,0.007231149911029818,0,Low
C01306,Astra Vector,Standard,2026-09-01,0,1,1,152.975,1,13,0.283529112337304,1,High
C01307,Sol Star,Business,2026-09-01,10,6,4,1728.531,3,11,0.0046590135363544305,0,Low
C01308,Luna Vector,Business,2026-09-01,9,9,5,1257.4834782608696,4,17,0.002148426020480959,0,Low
C01309,Sol Vex,Standard,2026-09-01,0,0,0,0.0,0,95,0.41320530737703814,1,High
C01310,Phoenix Lumen,Business,2026-09-01,8,7,3,1462.3861111111112,4,5,0.007044410223977531,0,Low
C01311,Titan Void,Standard,2026-09-01,1,2,1,449.945,1,16,0.19278633182512714,1,High
C01312,Rigel Gravity,Standard,2026-09-01,3,2,5,379.722,3,8,0.04732916623168754,0,Low
C01313,Io Astro,Premium,2026-09-01,6,2,8,911.703125,4,7,0.01026690051267334,0,Low
C01314,Cosmo Astro,Standard,2026-09-01,7,4,2,317.7823076923077,4,11,0.029234154436394592,0,Low
C01315,Astra Nexus,Student,2026-09-01,2,3,0,128.724,2,36,0.16832950949655923,1,High
C01316,Phoenix Vector,Business,2026-09-01,11,7,5,1060.276956521739,4,8,0.002494472862983471,0,Low
C01317,Calypso Solace,Student,2026-09-01,5,4,5,141.40428571428572,4,9,0.020019267260329703,0,Low
C01318,Zenith Orbit,Business,2026-09-01,6,5,6,1359.6,4,7,0.007690367834603104,0,Low
C01319,Nova Halo,Premium,2026-09-01,2,2,2,935.2066666666667,2,13,0.11348019150784153,0,Medium
C01320,Cosmo Void,Standard,2026-09-01,5,5,5,286.03066666666666,3,7,0.016125862993691228,0,Low
C01321,Sol Flux,Business,2026-09-01,2,2,0,2283.56,2,43,0.14084398148453642,0,Medium
C01322,Vega Quill,Standard,2026-09-01,2,3,1,480.62333333333333,2,25,0.12572266230343868,0,Medium
C01323,Draco Rune,Student,2026-09-01,0,0,1,136.7,1,22,0.3362163888069357,1,High
C01324,Sol Star,Standard,2026-09-01,3,3,0,358.57,2,31,0.13721974786764965,0,Medium
C01325,Andromeda Ray,Student,2026-09-01,5,3,3,131.5509090909091,4,15,0.043066663696350725,0,Low
C01326,Stella Flux,Standard,2026-09-01,3,2,4,342.1744444444444,2,5,0.0650608794877419,0,Medium
C01327,Cygnus Echo,Premium,2026-09-01,16,9,5,883.2893333333334,4,8,0.0005991622468164596,0,Low
C01328,Draco Flux,Business,2026-09-01,5,4,3,1484.9983333333332,4,7,0.025819210558645028,0,Low
C01329,Titan Pulse,Student,2026-09-01,3,6,6,129.384,3,6,0.014669689880735639,0,Low
C01330,Rigel Vale,Standard,2026-09-01,3,4,3,221.946,3,8,0.05121849019384264,0,Medium
C01331,Zenith Meteor,Student,2026-09-01,3,2,7,98.92333333333333,3,9,0.0296987805776757,0,Low
C01332,Aria Meteor,Standard,2026-09-01,4,0,2,283.42333333333335,2,10,0.14036472581683074,0,Medium
C01333,Atlas Halo,Premium,2026-09-01,6,9,4,868.8921052631579,4,5,0.00548916524546858,0,Low
C01334,Draco Comet,Standard,2026-09-01,3,5,2,263.13,3,5,0.05206605060805264,0,Medium
C01335,Stella Flux,Standard,2026-09-01,0,1,0,726.98,1,32,0.31352654922113893,1,High
C01336,Draco Void,Business,2026-09-01,2,2,0,2324.4975,2,46,0.13966643625099778,0,Medium
C01337,Sol Meteor,Standard,2026-09-01,3,0,4,351.9371428571429,2,5,0.1021362730513828,0,Medium
C01338,Phoenix Gravity,Student,2026-09-01,3,1,2,79.84833333333333,2,8,0.13932819893443898,0,Medium
C01339,Calypso Astro,Standard,2026-09-01,4,8,2,316.8807142857143,3,10,0.02084318597467328,0,Low
C01340,Luna Vale,Standard,2026-09-01,3,5,4,230.83166666666668,3,5,0.03112218732877154,0,Low
C01341,Draco Vale,Standard,2026-09-01,4,3,2,190.98666666666668,3,15,0.06970780837361333,0,Medium
C01342,Draco Rune,Standard,2026-09-01,10,11,3,279.5729166666667,4,19,0.0022833611962412466,0,Low
C01343,Nebula Orbit,Student,2026-09-01,1,3,3,88.26571428571428,2,7,0.09987603496217438,0,Medium
C01344,Calypso Solace,Premium,2026-09-01,5,8,4,916.8117647058823,3,6,0.008902350963648047,0,Low
C01345,Altair Orbit,Business,2026-09-01,6,5,5,1604.829375,4,6,0.009566912906471815,0,Low
C01346,Calypso Rune,Standard,2026-09-01,3,6,1,297.324,2,5,0.055839749393544164,0,Medium
C01347,Altair Rune,Standard,2026-09-01,2,4,7,318.7346153846154,3,8,0.021214459650852488,0,Low
C01348,Titan Spectra,Standard,2026-09-01,3,4,4,316.0527272727273,3,11,0.038727780396942725,0,Low
C01349,Nova Comet,Premium,2026-09-01,9,3,6,752.05,4,5,0.007996053690491924,0,Low
C01350,Aurora Gravity,Standard,2026-09-01,5,4,2,331.44272727272727,3,6,0.044846118319431506,0,Low
C01351,Nebula Comet,Student,2026-09-01,1,1,1,111.30333333333333,1,26,0.2464749182054442,1,High
C01352,Elara Vex,Standard,2026-09-01,4,2,1,261.87714285714287,2,17,0.11586216343401655,0,Medium
C01353,Elara Vex,Business,2026-09-01,6,8,7,1181.2838095238096,3,9,0.00308300615953921,0,Low
C01354,Elara Star,Standard,2026-09-01,8,3,3,309.95285714285717,4,21,0.023565440179528847,0,Low
C01355,Aurora Star,Standard,2026-09-01,3,6,4,261.5223076923077,3,16,0.024231583790795742,0,Low
C01356,Aria Ray,Standard,2026-09-01,0,2,5,237.90857142857143,3,9,0.08398879537795664,0,Medium
C01357,Altair Meteor,Standard,2026-09-01,4,6,0,334.439,2,36,0.05896549476067094,0,Medium
C01358,Andromeda Orbit,Premium,2026-09-01,6,7,7,791.0535,3,6,0.004284313192023381,0,Low
C01359,Phoenix Vector,Premium,2026-09-01,2,0,4,709.1466666666666,3,15,0.10767071545440707,0,Medium
C01360,Aria Astro,Standard,2026-09-01,9,8,4,408.8495238095238,3,7,0.004571749687434605,0,Low
C01361,Draco Star,Business,2026-09-01,8,4,3,1442.1093333333333,3,13,0.015510600792588593,0,Low
C01362,Aria Cosmos,Premium,2026-09-01,8,4,9,821.8333333333334,4,5,0.0033256749340183395,0,Low
C01363,Orion Nexus,Standard,2026-09-01,5,5,2,342.31,3,5,0.03532127292409615,0,Low
C01364,Calypso Gravity,Student,2026-09-01,3,3,4,141.862,2,6,0.053656776189733864,0,Medium
C01365,Lyra Nexus,Standard,2026-09-01,3,7,7,271.1535294117647,4,12,0.008049539367007117,0,Low
C01366,Luna Pulse,Standard,2026-09-01,8,2,7,315.24411764705883,4,14,0.010329193760917336,0,Low
C01367,Aurora Vector,Premium,2026-09-01,3,3,9,917.3193333333334,4,7,0.010934370962543906,0,Low
C01368,Luna Ray,Standard,2026-09-01,7,8,6,391.2576190476191,3,8,0.0039331253279049775,0,Low
C01369,Calypso Rune,Standard,2026-09-01,5,7,4,294.515625,3,5,0.01294529929049969,0,Low
C01370,Nova Orbit,Standard,2026-09-01,1,1,1,214.57333333333332,1,20,0.24286089204127162,1,High
C01371,Aurora Meteor,Standard,2026-09-01,1,2,4,279.5314285714286,2,13,0.09396925686198696,0,Medium
C01372,Calypso Lumen,Student,2026-09-01,6,4,1,104.4090909090909,3,22,0.0502364330716637,0,Medium
C01373,Nova Ray,Student,2026-09-01,0,3,0,162.19666666666666,2,41,0.22835395489591662,1,High
C01374,Cosmo Zen,Premium,2026-09-01,7,5,4,655.790625,4,10,0.012570517545831888,0,Low
C01375,Rigel Ray,Standard,2026-09-01,3,7,4,391.97857142857146,3,8,0.01858082237213084,0,Low
C01376,Stella Quill,Standard,2026-09-01,3,5,0,190.72375,3,45,0.08641674864460616,0,Medium
C01377,Cygnus Zen,Standard,2026-09-01,2,5,3,254.192,3,12,0.048350228040743515,0,Low
C01378,Cosmo Star,Student,2026-09-01,1,4,3,148.68875,2,7,0.0788472606914414,0,Medium
C01379,Nova Rune,Business,2026-09-01,9,4,2,1562.4593333333332,3,6,0.016364101919065607,0,Low
C01380,Andromeda Gravity,Business,2026-09-01,6,10,5,1501.0695238095238,4,11,0.002861426251365841,0,Low
C01381,Draco Nexus,Student,2026-09-01,9,7,7,125.30391304347826,4,5,0.002606563181381038,0,Low
C01382,Orion Nexus,Standard,2026-09-01,2,7,6,398.90933333333334,3,10,0.013152093188433278,0,Low
C01383,Sol Astro,Business,2026-09-01,3,3,6,1789.2233333333334,3,12,0.0214658169579638,0,Low
C01384,Io Drift,Premium,2026-09-01,5,5,9,885.7694736842105,3,7,0.004848542992430351,0,Low
C01385,Aurora Ray,Standard,2026-09-01,3,5,5,318.65923076923076,4,5,0.022211260146240336,0,Low
C01386,Altair Spectra,Business,2026-09-01,3,14,4,1433.7442857142858,4,5,0.0025496083766932296,0,Low
C01387,Nebula Gravity,Business,2026-09-01,6,3,3,1401.6241666666667,3,16,0.029096786210668812,0,Low
C01388,Luna Meteor,Standard,2026-09-01,4,0,0,298.1925,3,70,0.20572686488903408,1,High
C01389,Atlas Orbit,Standard,2026-09-01,1,3,7,300.62545454545455,3,11,0.03268006456971959,0,Low
C01390,Stella Zen,Standard,2026-09-01,5,5,3,358.56384615384616,2,6,0.028569085470746755,0,Low
C01391,Nova Drift,Standard,2026-09-01,6,6,5,265.1258823529412,4,13,0.009889195532274794,0,Low
C01392,Aria Vale,Standard,2026-09-01,4,2,1,234.32857142857142,3,18,0.11075297045636581,0,Medium
C01393,Vega Halo,Standard,2026-09-01,6,6,3,302.21933333333334,3,11,0.01774252375960619,0,Low
C01394,Quasar Vale,Standard,2026-09-01,2,1,3,337.7366666666667,2,10,0.12419450950590014,0,Medium
C01395,Aria Meteor,Student,2026-09-01,1,6,3,183.422,3,6,0.04675801453556565,0,Low
C01396,Quasar Rune,Student,2026-09-01,5,3,4,116.32833333333333,3,5,0.03525156951716745,0,Low
C01397,Vega Halo,Standard,2026-09-01,2,3,4,489.9422222222222,3,7,0.05701431337362105,0,Medium
C01398,Cosmo Drift,Student,2026-09-01,0,4,4,81.17875,2,5,0.07444495569865023,0,Medium
C01399,Draco Gravity,Standard,2026-09-01,5,3,4,302.93583333333333,4,6,0.03212619173388309,0,Low
C01400,Atlas Rune,Standard,2026-09-01,2,0,2,237.7425,2,15,0.19534134246658627,1,High
C01401,Nova Echo,Standard,2026-09-01,3,3,1,255.32142857142858,2,12,0.1109277284887691,0,Medium
C01402,Sol Drift,Standard,2026-09-01,6,10,3,403.8694736842105,4,5,0.006203471509515144,0,Low
C01403,Quasar Nexus,Student,2026-09-01,3,2,3,121.22125,3,6,0.08290192505617651,0,Medium
C01404,Stella Cosmos,Business,2026-09-01,10,6,3,1583.1057894736841,4,22,0.005926555625960349,0,Low
C01405,Zenith Quill,Standard,2026-09-01,3,3,3,275.1222222222222,3,12,0.06386147884002827,0,Medium
C01406,Aria Vex,Standard,2026-09-01,3,1,0,200.0725,2,51,0.21096933623468503,1,High
C01407,Luna Cosmos,Standard,2026-09-01,2,2,1,296.81,2,14,0.16115736239886655,1,High
C01408,Io Flux,Standard,2026-09-01,0,1,2,305.24666666666667,1,14,0.22597562101224375,1,High
C01409,Calypso Nexus,Standard,2026-09-01,0,2,1,317.3566666666667,1,16,0.2297712086073068,1,High
C01410,Aurora Gravity,Business,2026-09-01,7,3,6,1919.203125,3,5,0.009736798727851386,0,Low
C01411,Aria Meteor,Student,2026-09-01,4,3,4,83.58090909090909,3,8,0.04273116370316189,0,Low
C01412,Rigel Meteor,Premium,2026-09-01,3,2,0,695.108,2,41,0.15887622490382725,1,High
C01413,Io Pulse,Business,2026-09-01,9,6,13,1550.159642857143,4,7,0.00048459637518561815,0,Low
C01414,Phoenix Pulse,Standard,2026-09-01,9,5,6,371.021,4,7,0.005300734210875857,0,Low
C01415,Lyra Nexus,Standard,2026-09-01,3,6,0,356.3811111111111,3,31,0.06693955076492931,0,Medium
C01416,Luna Quill,Business,2026-09-01,7,7,4,1772.3466666666666,4,15,0.006090879769988124,0,Low
C01417,Astra Star,Business,2026-09-01,10,6,3,1334.7394736842105,3,5,0.006644704700103839,0,Low
C01418,Zenith Void,Standard,2026-09-01,3,2,1,314.3383333333333,2,24,0.13569731703756172,0,Medium
C01419,Vega Vector,Premium,2026-09-01,9,13,7,721.7155172413793,4,5,0.0005239708380076537,0,Low
C01420,Astra Gravity,Premium,2026-09-01,4,4,3,674.1872727272727,3,20,0.038662494895676094,0,Low
C01421,Andromeda Echo,Standard,2026-09-01,6,3,2,304.5263636363636,2,6,0.05000627720807364,0,Medium
C01422,Titan Pulse,Student,2026-09-01,6,8,3,130.24882352941177,3,11,0.011305542282316849,0,Low
C01423,Altair Ray,Standard,2026-09-01,3,0,2,386.416,3,10,0.15500162283595992,1,High
C01424,Stella Vex,Standard,2026-09-01,5,2,0,302.9057142857143,3,39,0.1162748357813177,0,Medium
C01425,Cygnus Vex,Premium,2026-09-01,5,7,8,1029.547,4,6,0.0035672907121146696,0,Low
C01426,Aria Pulse,Premium,2026-09-01,4,10,2,991.72,4,6,0.010556008653189074,0,Low
C01427,Cygnus Lumen,Student,2026-09-01,1,2,2,73.402,2,9,0.1573834529463711,1,High
C01428,Atlas Nexus,Standard,2026-09-01,7,9,3,287.27473684210526,3,11,0.007065729998498084,0,Low
C01429,Titan Nexus,Standard,2026-09-01,3,3,5,224.3390909090909,3,14,0.03848139286970125,0,Low
C01430,Orion Gravity,Business,2026-09-01,4,2,1,2210.53,2,9,0.08012808258985846,0,Medium
C01431,Vega Meteor,Standard,2026-09-01,7,6,1,333.47857142857146,3,15,0.024767775708053136,0,Low
C01432,Orion Nexus,Standard,2026-09-01,1,1,2,292.275,1,6,0.19468442633687325,1,High
C01433,Nebula Star,Standard,2026-09-01,1,4,7,316.53333333333336,2,13,0.027058503559536127,0,Low
C01434,Altair Cosmos,Business,2026-09-01,2,5,2,1561.4744444444445,2,17,0.050707163151240735,0,Medium
C01435,Cosmo Orbit,Standard,2026-09-01,4,4,2,271.259,3,6,0.0546028630496911,0,Medium
C01436,Orion Cosmos,Premium,2026-09-01,4,2,5,978.6954545454546,3,7,0.03480289043430068,0,Low
C01437,Phoenix Pulse,Student,2026-09-01,3,4,2,169.14222222222222,3,22,0.0665124704258899,0,Medium
C01438,Atlas Nexus,Student,2026-09-01,2,4,3,90.4811111111111,2,17,0.06636110263870373,0,Medium
C01439,Aurora Comet,Student,2026-09-01,4,4,2,109.614,3,15,0.05621251045780183,0,Medium
C01440,Astra Pulse,Standard,2026-09-01,12,4,3,343.38157894736844,4,6,0.008577762234222908,0,Low
C01441,Io Vex,Student,2026-09-01,2,3,3,76.1775,3,8,0.07964804328034317,0,Medium
C01442,Quasar Lumen,Premium,2026-09-01,10,6,1,968.5782352941177,4,8,0.011610958969431087,0,Low
C01443,Lyra Ray,Standard,2026-09-01,3,1,0,257.19,3,44,0.20023385068091934,1,High
C01444,Aria Ray,Standard,2026-09-01,9,1,3,270.9484615384615,3,7,0.033723618807228226,0,Low
C01445,Rigel Orbit,Standard,2026-09-01,4,1,4,253.15777777777777,4,5,0.06258342700406527,0,Medium
C01446,Titan Solace,Standard,2026-09-01,2,5,6,339.9253846153846,3,6,0.02165816232093708,0,Low
C01447,Elara Solace,Standard,2026-09-01,8,7,2,290.6464705882353,4,17,0.011728467256380366,0,Low
C01448,Luna Cosmos,Business,2026-09-01,9,14,8,1497.4187096774194,3,5,0.0002802923187397627,0,Low
C01449,Lyra Rune,Standard,2026-09-01,9,4,2,245.67333333333335,4,16,0.020268360269703724,0,Low
C01450,Sol Vex,Standard,2026-09-01,1,0,3,335.515,3,11,0.1724534807402886,1,High
C01451,Orion Meteor,Standard,2026-09-01,7,5,3,333.40066666666667,3,11,0.018557877014939606,0,Low
C01452,Vega Comet,Standard,2026-09-01,5,2,3,330.722,3,13,0.05524087002992903,0,Medium
C01453,Vega Vale,Standard,2026-09-01,1,4,6,267.9727272727273,3,8,0.03373605943790404,0,Low
C01454,Draco Nexus,Standard,2026-09-01,3,6,4,298.7853846153846,3,8,0.02411664449540947,0,Low
C01455,Phoenix Vector,Standard,2026-09-01,5,6,5,178.54875,3,6,0.012935466495615756,0,Low
C01456,Io Echo,Standard,2026-09-01,6,4,3,242.56692307692308,3,8,0.029123209253230444,0,Low
C01457,Astra Halo,Standard,2026-09-01,7,5,5,388.7194117647059,3,10,0.010743023734351386,0,Low
C01458,Io Nexus,Student,2026-09-01,4,2,3,253.87222222222223,3,8,0.06743841800420176,0,Medium
C01459,Luna Echo,Business,2026-09-01,8,4,4,1617.2825,3,14,0.01143486266094369,0,Low
C01460,Nova Vector,Standard,2026-09-01,6,4,4,228.31071428571428,4,21,0.02111448749968716,0,Low
C01461,Draco Void,Standard,2026-09-01,2,1,0,367.52,1,53,0.24890178219142473,1,High
C01462,Io Ray,Student,2026-09-01,4,4,2,93.864,3,11,0.05646889204013641,0,Medium
C01463,Aurora Halo,Standard,2026-09-01,6,7,6,293.60842105263157,4,11,0.005881613652612055,0,Low
C01464,Vega Flux,Business,2026-09-01,13,6,8,1571.7848148148148,4,11,0.0008603980707127804,0,Low
C01465,Aria Comet,Premium,2026-09-01,12,6,6,827.7370833333333,4,8,0.002104908070413368,0,Low
C01466,Calypso Comet,Standard,2026-09-01,8,3,6,279.7229411764706,3,12,0.011284574752724576,0,Low
C01467,Titan Flux,Premium,2026-09-01,1,2,3,835.175,3,8,0.10282619170227293,0,Medium
C01468,Calypso Orbit,Premium,2026-09-01,10,5,2,749.7194117647059,4,12,0.011840741516657172,0,Low
C01469,Rigel Vex,Standard,2026-09-01,2,1,2,167.678,2,8,0.1617842029882775,1,High
C01470,Zenith Pulse,Standard,2026-09-01,2,3,4,473.6455555555556,3,7,0.05719956828797911,0,Medium
C01471,Titan Quill,Standard,2026-09-01,6,4,7,268.87,3,10,0.009956781642211707,0,Low
C01472,Astra Gravity,Student,2026-09-01,7,1,1,128.32444444444445,3,20,0.08333138251715924,0,Medium
C01473,Andromeda Astro,Student,2026-09-01,7,3,3,154.91538461538462,2,5,0.032977682293128585,0,Low
C01474,Draco Drift,Standard,2026-09-01,6,6,2,421.81714285714287,3,11,0.022587636458121906,0,Low
C01475,Cosmo Astro,Standard,2026-09-01,6,3,4,288.8007692307692,4,10,0.026639639260590278,0,Low
C01476,Draco Orbit,Standard,2026-09-01,2,5,3,369.448,2,5,0.049966918481723785,0,Low
C01477,Andromeda Solace,Standard,2026-09-01,4,5,1,322.241,3,10,0.05525787571675173,0,Medium
C01478,Atlas Void,Business,2026-09-01,8,6,4,1459.128888888889,3,14,0.007248342552830787,0,Low
C01479,Sol Ray,Business,2026-09-01,6,7,3,1298.59125,4,11,0.0106942651048337,0,Low
C01480,Calypso Halo,Standard,2026-09-01,5,4,2,431.38363636363636,3,13,0.04384100830156192,0,Low
C01481,Io Vale,Standard,2026-09-01,4,8,3,306.85333333333335,4,6,0.015157510223644623,0,Low
C01482,Calypso Nexus,Standard,2026-09-01,4,5,0,359.91777777777776,3,37,0.07008860787313194,0,Medium
C01483,Aurora Echo,Standard,2026-09-01,4,4,4,250.17416666666668,3,6,0.03259898587592199,0,Low
C01484,Phoenix Quill,Standard,2026-09-01,3,0,1,386.4075,3,20,0.1934092437369941,1,High
C01485,Nova Gravity,Business,2026-09-01,2,2,2,1045.7316666666666,2,19,0.11093218128400095,0,Medium
C01486,Astra Ray,Standard,2026-09-01,2,9,1,323.95666666666665,4,28,0.029298040358194066,0,Low
C01487,Vega Quill,Standard,2026-09-01,6,5,4,274.216,3,5,0.01745346619553052,0,Low
C01488,Io Comet,Standard,2026-09-01,3,4,2,321.7133333333333,3,6,0.06490281171490263,0,Medium
C01489,Phoenix Vale,Standard,2026-09-01,1,2,1,259.19,2,23,0.1899004117163889,1,High
C01490,Quasar Meteor,Standard,2026-09-01,10,3,4,428.70882352941175,3,7,0.012766160829701995,0,Low
C01491,Altair Rune,Business,2026-09-01,8,6,5,1306.2394736842105,4,10,0.005411147869879762,0,Low
C01492,Titan Vex,Standard,2026-09-01,6,6,1,303.17923076923074,3,15,0.03011002153076326,0,Low
C01493,Andromeda Astro,Standard,2026-09-01,3,4,2,317.96555555555557,3,22,0.06458808384943497,0,Medium
C01494,Nebula Pulse,Standard,2026-09-01,2,8,8,328.9711111111111,4,10,0.005768881225888489,0,Low
C01495,Andromeda Spectra,Standard,2026-09-01,6,5,4,344.61,3,20,0.01710577899706272,0,Low
C01496,Stella Meteor,Standard,2026-09-01,8,0,2,262.442,3,20,0.06626542490843035,0,Medium
C01497,Phoenix Solace,Standard,2026-09-01,9,4,4,378.26588235294116,4,9,0.011579700728133106,0,Low
C01498,Lyra Solace,Business,2026-09-01,4,6,3,1622.0153846153846,3,5,0.019812110262795633,0,Low
C01499,Sol Drift,Standard,2026-09-01,8,2,2,238.8625,3,14,0.04181407479668355,0,Low
C01500,Astra Flux,Standard,2026-09-01,6,5,4,338.2486666666667,3,5,0.01722314918009769,0,Low
C01501,Aria Astro,Standard,2026-09-01,4,4,0,285.52125,3,37,0.08924663195982924,0,Medium
C01502,Atlas Zen,Premium,2026-09-01,13,7,2,922.9113636363636,3,19,0.004135841990723836,0,Low
C01503,Nova Nexus,Premium,2026-09-01,6,4,5,841.6426666666666,3,5,0.015138201407530388,0,Low
C01504,Aria Halo,Standard,2026-09-01,0,1,1,113.37,1,15,0.28507809057381706,1,High
C01505,Io Ray,Standard,2026-09-01,6,6,3,313.42266666666666,4,17,0.016711541246625213,0,Low
C01506,Cygnus Meteor,Business,2026-09-01,1,1,2,1099.6425,1,19,0.1686580530755394,1,High
C01507,Andromeda Star,Standard,2026-09-01,2,5,3,292.67,3,13,0.04796072975884985,0,Low
C01508,Orion Zen,Business,2026-09-01,9,10,4,1289.1895652173912,4,6,0.002196771038270367,0,Low
C01509,Astra Vector,Standard,2026-09-01,3,2,2,184.52285714285713,3,15,0.10445683452031744,0,Medium
C01510,Phoenix Gravity,Standard,2026-09-01,9,6,3,318.965,4,16,0.009388549775615658,0,Low
C01511,Nova Drift,Standard,2026-09-01,1,5,6,335.63666666666666,3,12,0.02615004917403144,0,Low
C01512,Atlas Star,Standard,2026-09-01,2,2,0,405.56,2,47,0.19571090566215896,1,High
C01513,Zenith Vale,Standard,2026-09-01,8,3,6,250.49,3,11,0.011357842132219501,0,Low
C01514,Sol Gravity,Standard,2026-09-01,6,8,9,342.7491304347826,4,5,0.0020257149792660546,0,Low
C01515,Cosmo Quill,Student,2026-09-01,2,2,1,115.65,2,20,0.16608359154531915,1,High
C01516,Calypso Flux,Premium,2026-09-01,4,5,11,746.6955,4,6,0.0033360106021323205,0,Low
C01517,Cosmo Star,Standard,2026-09-01,4,2,1,393.69428571428574,3,6,0.107914200416254,0,Medium
C01518,Aria Meteor,Business,2026-09-01,15,12,4,1727.433870967742,3,9,0.000403116364009948,0,Low
C01519,Atlas Ray,Standard,2026-09-01,3,4,6,269.61,3,7,0.02312006308952093,0,Low
C01520,Stella Astro,Business,2026-09-01,8,6,1,2309.3146666666667,3,13,0.013600914186661777,0,Low
C01521,Rigel Star,Standard,2026-09-01,6,3,2,230.71363636363637,3,6,0.048106925381981004,0,Low
C01522,Sol Flux,Business,2026-09-01,13,9,5,1583.868148148148,4,5,0.0009267254171209997,0,Low
C01523,Lyra Zen,Standard,2026-09-01,1,1,6,354.19625,2,10,0.07061662488731339,0,Medium
C01524,Io Nexus,Standard,2026-09-01,3,3,4,299.131,3,5,0.04930686996452212,0,Low
C01525,Titan Drift,Premium,2026-09-01,3,9,8,766.092,4,5,0.0033983257646100985,0,Low
C01526,Altair Pulse,Premium,2026-09-01,8,4,0,829.5925,4,35,0.03658210140711512,0,Low
C01527,Cosmo Vector,Standard,2026-09-01,4,5,5,453.26142857142855,4,10,0.01782104820599166,0,Low
C01528,Elara Solace,Business,2026-09-01,10,4,11,1411.8596,3,5,0.0012255996408870459,0,Low
C01529,Lyra Flux,Standard,2026-09-01,17,1,6,311.0083333333333,4,11,0.0030435184870468116,0,Low
C01530,Altair Vale,Standard,2026-09-01,4,5,5,400.4685714285714,3,8,0.019054818565837028,0,Low
C01531,Cygnus Cosmos,Standard,2026-09-01,3,5,0,293.09625,3,37,0.08495814824547897,0,Medium
C01532,Elara Quill,Standard,2026-09-01,7,5,2,299.6978571428571,4,7,0.023108234653328737,0,Low
C01533,Zenith Vex,Student,2026-09-01,3,3,4,119.425,2,6,0.053897809119528885,0,Medium
C01534,Lyra Void,Standard,2026-09-01,1,7,2,215.006,3,13,0.04745781673096439,0,Low
C01535,Rigel Ray,Standard,2026-09-01,6,5,4,349.558,3,18,0.017100802903635758,0,Low
C01536,Aurora Spectra,Standard,2026-09-01,1,2,2,169.428,2,5,0.15490956253150054,1,High
C01537,Quasar Lumen,Business,2026-09-01,5,12,7,1304.0325,3,8,0.00136272045754802,0,Low
C01538,Nebula Drift,Business,2026-09-01,8,4,3,1151.59,3,8,0.01650588254198324,0,Low
C01539,Nova Zen,Business,2026-09-01,2,2,2,1304.8616666666667,2,16,0.10575658428516804,0,Medium
C01540,Astra Echo,Standard,2026-09-01,4,1,1,233.97,2,5,0.14491243437166562,0,Medium
C01541,Rigel Vector,Standard,2026-09-01,6,6,6,300.8927777777778,3,5,0.007952693320953259,0,Low
C01542,Cosmo Cosmos,Standard,2026-09-01,2,1,1,428.56,2,18,0.19275626249821257,1,High
C01543,Nova Drift,Premium,2026-09-01,7,6,5,608.7516666666667,4,7,0.0076067463311591645,0,Low
C01544,Aurora Quill,Student,2026-09-01,7,3,2,152.60916666666665,3,8,0.0405549562761751,0,Low
C01545,Stella Cosmos,Student,2026-09-01,5,5,5,107.72266666666667,4,6,0.01583831069790136,0,Low
C01546,Altair Quill,Student,2026-09-01,2,2,3,118.51428571428572,2,11,0.10394475983585137,0,Medium
C01547,Phoenix Solace,Business,2026-09-01,0,1,4,1044.548,2,7,0.12087168666504798,0,Medium
C01548,Elara Ray,Standard,2026-09-01,5,3,4,253.15416666666667,3,5,0.03428226704710979,0,Low
C01549,Vega Comet,Business,2026-09-01,4,3,0,1258.95,2,43,0.09730248475566011,0,Medium
C01550,Lyra Orbit,Premium,2026-09-01,9,6,11,881.1907692307692,4,5,0.0009611036048087745,0,Low
C01551,Titan Meteor,Standard,2026-09-01,3,4,7,290.47714285714284,3,15,0.017589709735328706,0,Low
C01552,Elara Star,Standard,2026-09-01,6,7,4,278.06,4,11,0.010115912807731485,0,Low
C01553,Orion Drift,Standard,2026-09-01,2,2,1,298.046,2,10,0.1613245552920119,1,High
C01554,Stella Pulse,Business,2026-09-01,6,10,10,1214.9765384615384,3,8,0.000829459460500066,0,Low
C01555,Draco Gravity,Standard,2026-09-01,9,7,3,237.36105263157896,3,6,0.007936519116998303,0,Low
C01556,Cosmo Star,Student,2026-09-01,4,4,2,95.067,4,24,0.053284053532287955,0,Medium
C01557,Altair Star,Standard,2026-09-01,6,2,2,311.104,3,5,0.05981222263802964,0,Medium
C01558,Nova Flux,Standard,2026-09-01,4,3,0,294.4642857142857,3,34,0.1113644297314829,0,Medium
C01559,Astra Nexus,Business,2026-09-01,13,10,10,1334.6751515151516,4,13,0.0001957987237232538,0,Low
C01560,Altair Vale,Standard,2026-09-01,5,6,3,464.83785714285716,4,7,0.01967346132871613,0,Low
C01561,Titan Star,Premium,2026-09-01,8,8,2,885.5211111111112,4,5,0.008148104333143282,0,Low
C01562,Luna Meteor,Standard,2026-09-01,6,4,1,212.98727272727274,4,23,0.04657165769557145,0,Low
C01563,Vega Pulse,Standard,2026-09-01,4,4,1,276.3522222222222,3,24,0.06993429213738632,0,Medium
C01564,Io Halo,Premium,2026-09-01,6,5,4,827.5273333333333,3,7,0.015547732661754153,0,Low
C01565,Aurora Ray,Standard,2026-09-01,1,5,3,332.27555555555557,3,8,0.057307822813311066,0,Medium
C01566,Zenith Vex,Standard,2026-09-01,6,7,4,254.00117647058823,4,10,0.01017066787210963,0,Low
C01567,Luna Void,Standard,2026-09-01,2,4,11,361.8929411764706,4,6,0.006808010432815602,0,Low
C01568,Io Lumen,Standard,2026-09-01,1,2,0,442.4633333333333,2,48,0.2266938848760042,1,High
C01569,Elara Vale,Standard,2026-09-01,3,5,4,257.8041666666667,3,5,0.03095094105091863,0,Low
C01570,Aurora Vector,Standard,2026-09-01,5,5,2,278.415,4,11,0.03381767379798326,0,Low
C01571,Astra Lumen,Standard,2026-09-01,6,2,2,218.983,2,8,0.0641493721548108,0,Medium
C01572,Luna Quill,Standard,2026-09-01,5,4,6,282.16866666666664,3,5,0.01576010999686505,0,Low
C01573,Aurora Pulse,Standard,2026-09-01,1,1,3,294.124,3,9,0.14117010945844613,0,Medium
C01574,Atlas Vector,Standard,2026-09-01,2,0,0,197.205,2,62,0.2928796701892231,1,High
C01575,Rigel Ray,Premium,2026-09-01,5,4,2,713.3881818181818,3,15,0.04138231694141486,0,Low
C01576,Io Spectra,Standard,2026-09-01,5,6,3,252.805,4,9,0.02054054074450671,0,Low
C01577,Andromeda Quill,Student,2026-09-01,3,0,0,85.24,2,61,0.25887228970815696,1,High
C01578,Zenith Echo,Standard,2026-09-01,2,7,4,211.14307692307693,4,5,0.022107962891882268,0,Low
C01579,Nova Comet,Premium,2026-09-01,10,7,4,844.5242857142857,3,11,0.004388330158949105,0,Low
C01580,Vega Spectra,Student,2026-09-01,3,3,1,115.35714285714286,3,28,0.1077394386583566,0,Medium
C01581,Vega Comet,Premium,2026-09-01,5,7,5,887.5094117647059,4,15,0.008236895074671643,0,Low
C01582,Rigel Pulse,Standard,2026-09-01,9,5,6,253.1145,3,7,0.005746504252144192,0,Low
C01583,Phoenix Orbit,Standard,2026-09-01,2,4,2,158.80875,2,5,0.08453396329743391,0,Medium
C01584,Cosmo Vector,Standard,2026-09-01,5,8,2,320.154,4,12,0.016273369689858066,0,Low
C01585,Zenith Vale,Business,2026-09-01,6,4,9,1258.56,4,5,0.004468921298385203,0,Low
C01586,Andromeda Zen,Student,2026-09-01,5,3,3,134.52,3,21,0.045323176301342624,0,Low
C01587,Vega Meteor,Business,2026-09-01,3,11,1,1417.7906666666668,4,9,0.01198274989671118,0,Low
C01588,Quasar Lumen,Standard,2026-09-01,4,3,3,334.126,2,5,0.05556717840564485,0,Medium
C01589,Titan Comet,Standard,2026-09-01,6,6,4,329.049375,4,7,0.012792877824309285,0,Low
C01590,Altair Vector,Standard,2026-09-01,3,1,1,316.584,1,7,0.17616485234324242,1,High
C01591,Titan Quill,Standard,2026-09-01,7,8,3,335.23055555555555,3,8,0.008945178979936463,0,Low
C01592,Aurora Cosmos,Premium,2026-09-01,8,4,6,741.8188888888889,4,6,0.0076048384249003675,0,Low
C01593,Draco Star,Standard,2026-09-01,4,4,2,318.134,2,14,0.05688768778421046,0,Medium
C01594,Astra Gravity,Business,2026-09-01,6,4,9,1269.3963157894736,4,6,0.004457093758087649,0,Low
C01595,Phoenix Flux,Standard,2026-09-01,3,4,3,292.304,3,21,0.05026865396691104,0,Medium
C01596,Stella Astro,Student,2026-09-01,4,6,2,213.19166666666666,3,19,0.034302434599534734,0,Low
C01597,Phoenix Comet,Standard,2026-09-01,2,0,1,464.12,2,28,0.23206367063269967,1,High
C01598,Calypso Echo,Premium,2026-09-01,7,4,5,690.034375,4,8,0.012187168572031786,0,Low
C01599,Luna Vector,Standard,2026-09-01,3,6,4,331.85615384615386,3,13,0.02390915891505104,0,Low
C01600,Cosmo Vale,Business,2026-09-01,11,12,4,1598.5866666666666,3,7,0.0009017346519823141,0,Low
C01601,Altair Halo,Standard,2026-09-01,4,4,4,332.6983333333333,3,19,0.031903380882654736,0,Low
C01602,Cygnus Star,Student,2026-09-01,3,1,1,100.096,1,11,0.18267272133037427,1,High
C01603,Andromeda Echo,Standard,2026-09-01,1,1,0,287.905,1,48,0.29082354182879483,1,High
C01604,Cosmo Void,Standard,2026-09-01,3,4,7,393.32428571428574,3,5,0.017281865406394026,0,Low
C01605,Luna Zen,Standard,2026-09-01,3,3,1,261.2314285714286,2,10,0.11087851548690664,0,Medium
C01606,Quasar Flux,Standard,2026-09-01,5,7,5,211.44764705882352,4,5,0.009523810683525088,0,Low
C01607,Lyra Star,Standard,2026-09-01,10,1,1,536.4391666666667,4,5,0.042370798757020975,0,Low
C01608,Sol Pulse,Standard,2026-09-01,5,9,3,256.81176470588235,3,7,0.010470602906711406,0,Low
C01609,Andromeda Zen,Standard,2026-09-01,8,6,4,271.28833333333336,4,7,0.008813492774790311,0,Low
C01610,Cosmo Quill,Business,2026-09-01,11,8,12,1264.5064516129032,4,9,0.0002793262882418092,0,Low
C01611,Stella Pulse,Standard,2026-09-01,3,2,5,341.418,3,6,0.04772913274487775,0,Low
C01612,Altair Vex,Business,2026-09-01,9,8,4,1084.1209523809523,3,15,0.003954921978332649,0,Low
C01613,Altair Orbit,Student,2026-09-01,2,2,6,120.713,2,7,0.0488923554298912,0,Low
C01614,Quasar Gravity,Standard,2026-09-01,5,6,1,199.12083333333334,3,26,0.03696698163163754,0,Low
C01615,Zenith Lumen,Premium,2026-09-01,7,7,5,770.4078947368421,3,5,0.006090505608659159,0,Low
C01616,Astra Zen,Business,2026-09-01,9,4,7,1472.0455,3,5,0.004342881148488154,0,Low
C01617,Calypso Quill,Standard,2026-09-01,1,2,0,305.02,2,32,0.23288905717176334,1,High
C01618,Atlas Void,Premium,2026-09-01,4,9,6,795.5305263157895,4,13,0.004766220488133043,0,Low
C01619,Quasar Vex,Standard,2026-09-01,3,1,1,451.164,3,15,0.15622850734183358,1,High
C01620,Lyra Nexus,Business,2026-09-01,12,9,3,1636.9554166666667,3,12,0.0020197181672735012,0,Low
C01621,Sol Lumen,Standard,2026-09-01,6,2,4,250.69833333333332,4,9,0.03411915795143107,0,Low
C01622,Elara Solace,Student,2026-09-01,7,3,2,113.62666666666667,3,17,0.04074452745778746,0,Low
C01623,Altair Drift,Standard,2026-09-01,0,3,2,199.478,3,7,0.1403554436254791,0,Medium
C01624,Elara Lumen,Standard,2026-09-01,4,3,3,438.355,3,13,0.05145149992764343,0,Medium
C01625,Nova Rune,Student,2026-09-01,3,4,2,88.54,3,9,0.06788406213256076,0,Medium
C01626,Io Star,Standard,2026-09-01,6,6,5,284.1170588235294,4,5,0.0098792626050914,0,Low
C01627,Atlas Ray,Standard,2026-09-01,10,8,9,319.1822222222222,4,5,0.0009364540505683619,0,Low
C01628,Cosmo Orbit,Standard,2026-09-01,3,2,7,401.05916666666667,3,9,0.02791480901340987,0,Low
C01629,Cosmo Void,Standard,2026-09-01,6,3,2,332.84,3,5,0.04714599103408846,0,Low
C01630,Io Orbit,Standard,2026-09-01,5,2,4,236.62636363636364,4,11,0.04122750137851734,0,Low
C01631,Lyra Comet,Premium,2026-09-01,5,11,3,774.4563157894737,4,9,0.005440112317120061,0,Low
C01632,Quasar Rune,Standard,2026-09-01,5,3,3,301.6027272727273,3,12,0.04396252972564153,0,Low
C01633,Orion Rune,Standard,2026-09-01,6,2,0,220.1375,3,31,0.09955916488725107,0,Medium
C01634,Aria Void,Standard,2026-09-01,1,8,6,291.11133333333333,3,9,0.012778299158135909,0,Low
C01635,Phoenix Drift,Business,2026-09-01,3,2,2,1611.4357142857143,3,8,0.0796377033470398,0,Medium
C01636,Calypso Pulse,Premium,2026-09-01,3,1,3,639.0942857142857,2,6,0.09887121324253478,0,Medium
C01637,Vega Quill,Business,2026-09-01,9,7,5,1482.9933333333333,3,5,0.003560899977971261,0,Low
C01638,Atlas Quill,Standard,2026-09-01,4,3,1,196.77375,3,19,0.089295037826188,0,Medium
C01639,Titan Echo,Standard,2026-09-01,7,3,2,303.87833333333333,3,23,0.03911883270248322,0,Low
C01640,Calypso Ray,Business,2026-09-01,4,12,4,1317.5785,4,5,0.0035204474090578595,0,Low
C01641,Zenith Vale,Premium,2026-09-01,5,7,3,683.7713333333334,4,7,0.014750910284205646,0,Low
C01642,Elara Gravity,Student,2026-09-01,3,2,3,132.155,3,11,0.082584694361391,0,Medium
C01643,Draco Spectra,Student,2026-09-01,3,6,1,89.719,3,27,0.05475794437942094,0,Medium
C01644,Titan Flux,Business,2026-09-01,8,7,6,1491.9690476190476,3,6,0.003289695268969389,0,Low
C01645,Draco Vex,Student,2026-09-01,5,4,1,147.899,2,7,0.06342771320296527,0,Medium
C01646,Cygnus Orbit,Business,2026-09-01,3,8,4,1390.6173333333334,4,15,0.01116907165578492,0,Low
C01647,Astra Echo,Standard,2026-09-01,5,2,3,259.811,3,7,0.056146281371525004,0,Medium
C01648,Titan Quill,Business,2026-09-01,1,0,3,1438.7875,3,6,0.1419260463915408,0,Medium
C01649,Quasar Void,Student,2026-09-01,3,2,1,78.71333333333334,3,10,0.13554275137441996,0,Medium
C01650,Calypso Rune,Business,2026-09-01,4,2,3,1617.4577777777777,3,5,0.05149162738345281,0,Medium
C01651,Lyra Lumen,Business,2026-09-01,10,3,2,1597.9886666666666,4,11,0.01615088983210054,0,Low
C01652,Andromeda Vex,Standard,2026-09-01,4,3,4,259.28090909090906,3,10,0.041209753793410964,0,Low
C01653,Rigel Cosmos,Standard,2026-09-01,4,9,0,331.4976923076923,4,30,0.026083335952978202,0,Low
C01654,Vega Vex,Student,2026-09-01,2,2,2,133.77833333333334,2,22,0.13126157879609388,0,Medium
C01655,Vega Solace,Standard,2026-09-01,0,0,3,221.91333333333333,3,6,0.20618570357375599,1,High
C01656,Altair Gravity,Standard,2026-09-01,4,4,8,253.045,3,8,0.011226196412907119,0,Low
C01657,Elara Cosmos,Student,2026-09-01,7,3,2,100.15083333333334,4,16,0.038719630931149676,0,Low
C01658,Andromeda Solace,Standard,2026-09-01,3,1,0,242.46,2,57,0.2091119256032508,1,High
C01659,Cygnus Comet,Student,2026-09-01,5,3,2,131.231,2,7,0.06217065648910434,0,Medium
C01660,Draco Spectra,Standard,2026-09-01,6,7,2,279.948,4,9,0.01729547394706538,0,Low
C01661,Calypso Lumen,Premium,2026-09-01,12,5,3,721.898,4,18,0.0061745597534354985,0,Low
C01662,Titan Rune,Business,2026-09-01,6,11,6,1575.2404347826086,4,6,0.0016825794524451864,0,Low
C01663,Cosmo Zen,Student,2026-09-01,1,2,1,122.275,2,6,0.19538538310431486,1,High
C01664,Phoenix Flux,Student,2026-09-01,4,5,2,94.86545454545454,3,11,0.04466357838306809,0,Low
C01665,Orion Orbit,Student,2026-09-01,3,1,1,89.434,3,18,0.1664056941521177,1,High
C01666,Calypso Orbit,Standard,2026-09-01,8,9,4,274.36285714285714,4,11,0.004214385672039121,0,Low
C01667,Draco Drift,Standard,2026-09-01,6,5,3,301.7135714285714,3,20,0.02252390155524008,0,Low
C01668,Nebula Lumen,Student,2026-09-01,1,5,4,100.43,3,8,0.04639805778480176,0,Low
C01669,Atlas Comet,Business,2026-09-01,4,7,2,1407.5323076923078,3,17,0.021128369415774756,0,Low
C01670,Titan Star,Premium,2026-09-01,11,8,7,791.0434615384615,4,10,0.001198951326547728,0,Low
C01671,Titan Zen,Business,2026-09-01,9,2,6,1546.4835294117647,4,11,0.008628765863180125,0,Low
C01672,Aurora Ray,Standard,2026-09-01,5,6,3,322.7857142857143,3,9,0.0213928906670323,0,Low
C01673,Atlas Pulse,Premium,2026-09-01,2,2,3,645.4871428571429,3,19,0.0890985485614055,0,Medium
C01674,Vega Drift,Standard,2026-09-01,8,4,1,359.1123076923077,4,17,0.031174095131442963,0,Low
C01675,Aria Astro,Premium,2026-09-01,12,4,4,707.426,4,5,0.0060713719978907985,0,Low
C01676,Elara Echo,Standard,2026-09-01,4,6,7,258.75117647058823,3,9,0.008998385839734597,0,Low
C01677,Titan Meteor,Premium,2026-09-01,4,3,4,669.2854545454545,2,6,0.040088340681,0,Low
C01678,Calypso Spectra,Student,2026-09-01,3,4,4,104.07636363636364,3,9,0.040457662606672676,0,Low
C01679,Io Vector,Standard,2026-09-01,9,4,3,387.485625,3,8,0.015977118667548022,0,Low
C01680,Draco Astro,Standard,2026-09-01,6,1,4,406.7318181818182,3,5,0.04429539067316653,0,Low
C01681,Altair Zen,Premium,2026-09-01,7,5,3,606.204,3,5,0.01757621979174745,0,Low
C01682,Luna Pulse,Business,2026-09-01,8,7,10,1918.7528,3,6,0.0010165792770342027,0,Low
C01683,Atlas Rune,Standard,2026-09-01,4,4,3,286.0536363636364,3,22,0.04179587671913724,0,Low
C01684,Titan Quill,Premium,2026-09-01,5,3,3,591.7145454545455,3,5,0.04156328061459168,0,Low
C01685,Aria Zen,Standard,2026-09-01,2,2,11,325.726,3,5,0.011832491377104461,0,Low
C01686,Io Rune,Business,2026-09-01,6,10,4,1278.3955,4,9,0.00393391379407175,0,Low
C01687,Andromeda Lumen,Standard,2026-09-01,9,4,3,305.26375,4,18,0.015319677506668121,0,Low
C01688,Vega Vale,Premium,2026-09-01,8,4,3,814.9386666666667,3,13,0.017667656894057176,0,Low
C01689,Sol Vale,Business,2026-09-01,6,12,6,1655.2720833333333,3,8,0.0013669036334536346,0,Low
C01690,Rigel Orbit,Business,2026-09-01,8,3,12,1272.5121739130434,3,5,0.001815211645036992,0,Low
C01691,Orion Nexus,Premium,2026-09-01,7,7,4,946.4022222222222,3,7,0.007681826008196927,0,Low
C01692,Draco Lumen,Standard,2026-09-01,3,4,5,240.205,4,5,0.028710071362146452,0,Low
C01693,Aria Ray,Premium,2026-09-01,14,3,6,807.3778260869565,4,7,0.0030026203164866807,0,Low
C01694,Cosmo Flux,Business,2026-09-01,2,3,2,1385.6714285714286,2,17,0.08324694175440737,0,Medium
C01695,Andromeda Halo,Premium,2026-09-01,5,7,8,809.7745,3,10,0.003945712208242332,0,Low
C01696,Andromeda Cosmos,Standard,2026-09-01,2,5,4,345.8209090909091,3,13,0.03657685831926708,0,Low
C01697,Luna Pulse,Standard,2026-09-01,2,6,2,390.12,3,11,0.04819199418073343,0,Low
C01698,Titan Flux,Standard,2026-09-01,5,3,2,332.808,4,23,0.05341166634846592,0,Medium
C01699,Io Lumen,Student,2026-09-01,1,3,1,109.354,3,15,0.1519887488611218,1,High
C01700,Aria Meteor,Standard,2026-09-01,5,11,3,358.6484210526316,3,9,0.006277947738528557,0,Low
C01701,Stella Pulse,Business,2026-09-01,13,7,8,1431.985,4,7,0.0006935469171343077,0,Low
C01702,Vega Halo,Premium,2026-09-01,5,5,4,723.6935714285714,4,5,0.018210244073742762,0,Low
C01703,Io Vex,Business,2026-09-01,5,5,7,1144.55,4,15,0.007429187361099683,0,Low
C01704,Astra Void,Standard,2026-09-01,6,3,4,299.1307692307692,3,5,0.02813067677508466,0,Low
C01705,Vega Rune,Standard,2026-09-01,0,1,3,336.075,2,9,0.17310947882236127,1,High
C01706,Draco Rune,Standard,2026-09-01,4,2,0,321.535,2,32,0.14445277806826756,0,Medium
C01707,Rigel Void,Standard,2026-09-01,3,5,6,305.80642857142857,3,7,0.018020526488403407,0,Low
C01708,Quasar Pulse,Standard,2026-09-01,4,8,4,323.184375,3,10,0.012197400610567562,0,Low
C01709,Elara Zen,Standard,2026-09-01,4,8,1,293.89384615384614,3,5,0.0273499910110447,0,Low
C01710,Titan Flux,Standard,2026-09-01,2,5,1,463.1775,2,27,0.08092139318331423,0,Medium
C01711,Orion Gravity,Student,2026-09-01,1,3,3,90.06285714285714,3,5,0.09495889277234433,0,Medium
C01712,Stella Lumen,Standard,2026-09-01,5,2,1,403.49625,3,12,0.09021998132168638,0,Medium
C01713,Aria Star,Business,2026-09-01,3,2,0,2082.284,2,32,0.12388984812122804,0,Medium
C01714,Astra Star,Business,2026-09-01,10,4,4,1726.2477777777779,4,6,0.007212348195282049,0,Low
C01715,Lyra Astro,Standard,2026-09-01,5,1,1,417.7557142857143,2,5,0.11833577425053322,0,Medium
C01716,Luna Solace,Standard,2026-09-01,5,5,6,331.855625,3,8,0.0122155533647315,0,Low
C01717,Draco Quill,Premium,2026-09-01,16,6,11,840.7690909090909,4,9,0.00024837886355139695,0,Low
C01718,Aria Spectra,Premium,2026-09-01,9,3,3,840.706,3,9,0.018527582986850723,0,Low
C01719,Cosmo Gravity,Student,2026-09-01,4,4,2,128.982,2,17,0.059006066871078434,0,Medium
C01720,Astra Gravity,Premium,2026-09-01,4,3,4,636.4827272727273,3,5,0.03824455517533249,0,Low
C01721,Luna Spectra,Business,2026-09-01,6,12,7,1213.0532,3,5,0.001145246468922234,0,Low
C01722,Atlas Nexus,Business,2026-09-01,11,7,7,1735.2152,4,9,0.0012575784203275066,0,Low
C01723,Luna Drift,Standard,2026-09-01,2,5,2,316.74111111111114,3,13,0.06170651448999762,0,Medium
C01724,Quasar Rune,Standard,2026-09-01,8,8,8,300.68375,3,5,0.0019232551361148872,0,Low
C01725,Nova Gravity,Standard,2026-09-01,1,4,0,177.036,2,33,0.15990530734329825,1,High
C01726,Io Nexus,Business,2026-09-01,2,6,6,1559.8114285714287,3,7,0.01318839153096707,0,Low
C01727,Orion Drift,Premium,2026-09-01,7,5,7,784.368947368421,4,8,0.005458846903048227,0,Low
C01728,Vega Quill,Business,2026-09-01,7,13,4,1570.2120833333333,4,13,0.0014540362169417633,0,Low
C01729,Nova Rune,Standard,2026-09-01,5,10,1,286.26625,4,14,0.013160482854497118,0,Low
C01730,Atlas Cosmos,Business,2026-09-01,11,9,2,1170.0372727272727,4,16,0.003348266479464835,0,Low
C01731,Calypso Void,Standard,2026-09-01,7,3,10,265.0575,3,6,0.004680094077073524,0,Low
C01732,Stella Orbit,Student,2026-09-01,1,0,0,50.8,1,79,0.352931079588674,1,High
C01733,Calypso Vector,Standard,2026-09-01,10,2,5,319.7252941176471,4,6,0.012057862467971418,0,Low
C01734,Titan Ray,Standard,2026-09-01,4,4,0,257.035,3,53,0.08924867574124012,0,Medium
C01735,Stella Gravity,Business,2026-09-01,7,5,5,1150.2870588235294,3,8,0.009168892098311265,0,Low
C01736,Draco Spectra,Standard,2026-09-01,6,7,5,295.7677777777778,4,13,0.007693949279294499,0,Low
C01737,Calypso Lumen,Standard,2026-09-01,2,4,2,282.115,3,15,0.0781064276085295,0,Medium
C01738,Aurora Pulse,Standard,2026-09-01,6,4,3,232.5,3,8,0.029183361901459388,0,Low
C01739,Atlas Flux,Standard,2026-09-01,4,5,3,270.11,3,17,0.03312502885850893,0,Low
C01740,Phoenix Cosmos,Student,2026-09-01,1,4,3,128.87625,2,6,0.0791788746674665,0,Medium
C01741,Nebula Zen,Student,2026-09-01,4,5,2,108.54636363636364,3,6,0.04462021421195228,0,Low
C01742,Aurora Nexus,Standard,2026-09-01,0,1,1,226.89,1,20,0.27984159570751416,1,High
C01743,Titan Echo,Standard,2026-09-01,2,3,1,246.90833333333333,2,29,0.1310763140263492,0,Medium
C01744,Aria Meteor,Standard,2026-09-01,1,5,1,325.8257142857143,3,29,0.0941881927406663,0,Medium
C01745,Atlas Echo,Standard,2026-09-01,1,7,3,298.04454545454547,3,9,0.036021294633030214,0,Low
C01746,Cosmo Flux,Standard,2026-09-01,1,2,4,235.99,2,8,0.09491545471337355,0,Medium
C01747,Orion Pulse,Standard,2026-09-01,1,0,0,364.42,1,79,0.33796187814165957,1,High
C01748,Astra Comet,Standard,2026-09-01,4,4,4,416.9583333333333,2,7,0.03325871107282974,0,Low
C01749,Orion Star,Standard,2026-09-01,1,1,2,284.9675,1,13,0.19451557253925883,1,High
C01750,Titan Cosmos,Standard,2026-09-01,6,7,2,250.97666666666666,3,5,0.018416005677053898,0,Low
C01751,Nova Vale,Standard,2026-09-01,9,4,7,407.463,3,6,0.00542936220034176,0,Low
C01752,Andromeda Rune,Standard,2026-09-01,4,6,5,368.9986666666667,4,5,0.014252232318158335,0,Low
C01753,Nebula Rune,Premium,2026-09-01,4,3,0,990.8928571428571,3,46,0.09722920019625941,0,Medium
C01754,Atlas Comet,Student,2026-09-01,2,6,2,99.768,4,10,0.04843888193512049,0,Low
C01755,Altair Nexus,Standard,2026-09-01,8,3,4,322.944,3,7,0.019134197342193005,0,Low
C01756,Elara Vex,Standard,2026-09-01,4,5,3,256.99666666666667,3,5,0.03335833968046473,0,Low
C01757,Altair Astro,Standard,2026-09-01,0,0,2,302.975,2,9,0.26146393276261976,1,High
C01758,Lyra Halo,Standard,2026-09-01,1,0,2,205.53333333333333,2,14,0.22897913131573305,1,High
C01759,Cosmo Halo,Standard,2026-09-01,1,4,3,265.6075,3,9,0.07311147502946827,0,Medium
C01760,Titan Void,Business,2026-09-01,10,4,8,1457.7209090909091,4,5,0.0025882370165532,0,Low
C01761,Titan Rune,Standard,2026-09-01,4,4,3,423.7927272727273,3,7,0.04086618952292447,0,Low
C01762,Aria Quill,Premium,2026-09-01,17,9,4,739.1156666666667,4,5,0.0006679711968233183,0,Low
C01763,Altair Vale,Student,2026-09-01,5,6,2,114.93076923076923,3,14,0.02904512219392448,0,Low
C01764,Rigel Nexus,Standard,2026-09-01,2,6,7,254.866,4,10,0.012509161921061383,0,Low
C01765,Quasar Pulse,Premium,2026-09-01,11,7,8,750.2903846153846,4,7,0.0011809437255873223,0,Low
C01766,Luna Solace,Premium,2026-09-01,1,2,2,822.16,2,7,0.13762560006643465,0,Medium
C01767,Aria Vector,Student,2026-09-01,3,6,5,128.23785714285714,3,8,0.019150919934785487,0,Low
C01768,Astra Star,Premium,2026-09-01,8,10,5,849.9173913043478,3,7,0.002359076347274318,0,Low
C01769,Rigel Echo,Standard,2026-09-01,1,1,0,205.065,1,57,0.29374433024273483,1,High
C01770,Sol Flux,Business,2026-09-01,6,9,4,1427.5736842105264,4,5,0.004881442554783971,0,Low
C01771,Astra Ray,Standard,2026-09-01,3,6,1,360.082,3,21,0.05198817927973722,0,Medium
C01772,Zenith Comet,Business,2026-09-01,11,10,6,1637.5025925925927,4,6,0.0008047384792910955,0,Low
C01773,Atlas Cosmos,Standard,2026-09-01,4,5,2,263.43454545454546,3,6,0.04324684089348143,0,Low
C01774,Nova Drift,Student,2026-09-01,2,6,2,128.487,3,16,0.050699605984775235,0,Medium
C01775,Nova Halo,Standard,2026-09-01,2,1,2,226.3,2,10,0.1600122657469318,1,High
C01776,Sol Astro,Premium,2026-09-01,7,6,6,1089.3631578947368,3,10,0.005546640192413901,0,Low
C01777,Sol Ray,Premium,2026-09-01,12,12,4,1251.2914285714285,4,12,0.0007538568732222316,0,Low
C01778,Astra Gravity,Standard,2026-09-01,6,6,0,293.63166666666666,3,32,0.038976508353739524,0,Low
C01779,Luna Vector,Student,2026-09-01,2,2,2,196.55,2,11,0.13022342281241556,0,Medium
C01780,Draco Gravity,Premium,2026-09-01,5,9,7,878.1214285714286,4,6,0.0029520961305838657,0,Low
C01781,Luna Pulse,Standard,2026-09-01,5,6,5,258.345,4,13,0.012002898843993503,0,Low
C01782,Astra Vector,Standard,2026-09-01,6,5,9,399.955,4,6,0.004185256930770752,0,Low
C01783,Quasar Quill,Standard,2026-09-01,6,4,4,236.81785714285715,3,9,0.022368983709529968,0,Low
C01784,Nova Astro,Standard,2026-09-01,6,3,3,361.41,3,14,0.036011355269634254,0,Low
C01785,Io Meteor,Student,2026-09-01,0,2,1,116.51666666666667,2,25,0.2267289268014545,1,High
C01786,Vega Halo,Business,2026-09-01,8,4,8,1479.8455,4,8,0.0037916369872372777,0,Low
C01787,Draco Solace,Student,2026-09-01,0,3,3,115.04,3,13,0.11220704579270414,0,Medium
C01788,Atlas Echo,Standard,2026-09-01,6,3,1,311.112,4,24,0.057681451137505536,0,Medium
C01789,Vega Quill,Standard,2026-09-01,6,6,8,295.1655,3,5,0.004640344550168955,0,Low
C01790,Stella Flux,Business,2026-09-01,4,5,9,1682.1283333333333,3,12,0.0049677857942490005,0,Low
C01791,Elara Flux,Premium,2026-09-01,3,4,3,753.63,3,21,0.045817427929435106,0,Low
C01792,Calypso Pulse,Standard,2026-09-01,5,7,6,316.95222222222225,3,8,0.007516447524084436,0,Low
C01793,Nebula Drift,Premium,2026-09-01,11,7,6,857.30875,4,10,0.0019838869839906375,0,Low
C01794,Lyra Vale,Standard,2026-09-01,4,9,1,389.24857142857144,4,16,0.019867290479196408,0,Low
C01795,Andromeda Orbit,Standard,2026-09-01,0,3,3,253.54166666666666,2,19,0.11470313747388394,0,Medium
C01796,Nebula Drift,Standard,2026-09-01,9,4,1,346.22857142857146,3,25,0.027255129877776615,0,Low
C01797,Sol Lumen,Student,2026-09-01,6,1,2,100.67777777777778,3,6,0.07841604409070445,0,Medium
C01798,Atlas Comet,Standard,2026-09-01,5,3,1,331.9288888888889,3,26,0.07257190428746814,0,Medium
C01799,Vega Solace,Business,2026-09-01,7,17,5,1927.8727586206896,4,10,0.0003838053099435464,0,Low
C01800,Phoenix Flux,Student,2026-09-01,4,2,6,96.25416666666666,3,6,0.03205900952200157,0,Low
C01801,Stella Zen,Premium,2026-09-01,4,6,11,773.5738095238095,4,7,0.0025927473945758324,0,Low
C01802,Io Echo,Standard,2026-09-01,4,3,5,444.8666666666667,4,5,0.02896594033270882,0,Low
C01803,Draco Halo,Student,2026-09-01,3,5,3,145.84363636363636,4,10,0.03890998344571185,0,Low
C01804,Titan Cosmos,Premium,2026-09-01,2,6,1,928.7088888888889,3,16,0.05587644696902013,0,Medium
C01805,Astra Drift,Standard,2026-09-01,6,5,6,260.8229411764706,4,16,0.009646503319115388,0,Low
C01806,Draco Flux,Standard,2026-09-01,1,6,8,304.06733333333335,3,7,0.012141756689884473,0,Low
C01807,Quasar Flux,Standard,2026-09-01,0,2,3,247.258,2,9,0.14285808487027746,0,Medium
C01808,Stella Echo,Student,2026-09-01,5,5,1,136.9227272727273,4,23,0.04498675441112954,0,Low
C01809,Vega Lumen,Standard,2026-09-01,5,2,1,282.435,3,19,0.09212050613451839,0,Medium
C01810,Stella Drift,Student,2026-09-01,4,6,3,111.40384615384616,3,10,0.027003632034638236,0,Low
C01811,Andromeda Orbit,Standard,2026-09-01,0,8,3,239.4318181818182,4,7,0.0328474409423414,0,Low
C01812,Lyra Quill,Student,2026-09-01,1,1,5,118.05428571428571,3,5,0.09028159163009093,0,Medium
C01813,Luna Zen,Student,2026-09-01,3,5,0,97.87125,2,34,0.09294708756195945,0,Medium
C01814,Aurora Comet,Student,2026-09-01,5,6,2,107.79923076923077,3,5,0.029182899248603726,0,Low
C01815,Atlas Vale,Premium,2026-09-01,5,7,6,913.13,3,5,0.006640823979388557,0,Low
C01816,Nova Pulse,Premium,2026-09-01,6,11,1,943.325,3,19,0.007823740029461004,0,Low
C01817,Sol Solace,Standard,2026-09-01,8,3,6,337.3829411764706,4,5,0.010572968668865246,0,Low
C01818,Luna Void,Standard,2026-09-01,5,3,6,255.605,3,7,0.020178082312080226,0,Low
C01819,Elara Meteor,Standard,2026-09-01,8,2,5,277.534,3,6,0.018856235361097068,0,Low
C01820,Rigel Meteor,Student,2026-09-01,4,4,2,118.15,3,9,0.056236054413115015,0,Medium
C01821,Io Astro,Student,2026-09-01,6,4,6,138.798125,3,8,0.013391492590207377,0,Low
C01822,Zenith Astro,Standard,2026-09-01,6,7,5,441.38722222222225,4,12,0.007465528029249489,0,Low
C01823,Zenith Meteor,Standard,2026-09-01,3,6,4,304.48,3,5,0.024114777486827606,0,Low
C01824,Vega Vex,Premium,2026-09-01,12,5,8,853.7148,3,13,0.001644062482023221,0,Low
C01825,Cosmo Astro,Standard,2026-09-01,0,0,1,229.98,1,11,0.33274922325890977,1,High
C01826,Altair Vale,Business,2026-09-01,3,8,8,1175.2268421052631,4,12,0.003976738102529028,0,Low
C01827,Phoenix Vex,Standard,2026-09-01,4,2,3,319.1044444444444,3,14,0.06643803441289992,0,Medium
C01828,Elara Nexus,Standard,2026-09-01,4,4,4,316.44416666666666,3,11,0.03210244574368782,0,Low
C01829,Atlas Lumen,Standard,2026-09-01,5,11,3,337.5442105263158,4,24,0.0059294532603002045,0,Low
C01830,Quasar Flux,Premium,2026-09-01,3,5,3,779.6754545454545,3,11,0.036099799546782205,0,Low
C01831,Orion Star,Standard,2026-09-01,5,7,3,294.828,3,8,0.016897473226859507,0,Low
C01832,Io Vex,Business,2026-09-01,7,8,2,1312.8211764705882,4,6,0.009031524977301777,0,Low
C01833,Luna Nexus,Business,2026-09-01,7,5,1,1398.0346153846153,3,23,0.025231262979378225,0,Low
C01834,Quasar Comet,Student,2026-09-01,7,1,7,91.09266666666667,3,11,0.017697334958297804,0,Low
C01835,Andromeda Cosmos,Business,2026-09-01,9,10,6,1135.6012,4,6,0.0013192033988408216,0,Low
C01836,Andromeda Meteor,Business,2026-09-01,6,6,7,1274.3526315789475,4,5,0.0046802732690013615,0,Low
C01837,Draco Rune,Standard,2026-09-01,5,4,4,345.7253846153846,3,12,0.02641222581689205,0,Low
C01838,Lyra Zen,Standard,2026-09-01,1,0,2,214.12,2,18,0.22839528918336727,1,High
C01839,Luna Vex,Premium,2026-09-01,8,7,7,1085.774090909091,3,6,0.0027332049268355236,0,Low
C01840,Luna Lumen,Standard,2026-09-01,0,2,1,689.6166666666667,2,23,0.20634224163964174,1,High
C01841,Quasar Vector,Business,2026-09-01,9,8,5,1747.1181818181817,3,13,0.0026259471166158706,0,Low
C01842,Zenith Star,Standard,2026-09-01,2,1,0,264.43333333333334,2,50,0.24270710301709483,1,High
C01843,Atlas Vector,Standard,2026-09-01,1,0,1,271.29,1,9,0.2894286920247796,1,High
C01844,Zenith Vex,Standard,2026-09-01,0,0,0,0.0,0,130,0.4100325558923187,1,High
C01845,Calypso Vale,Business,2026-09-01,10,6,3,1445.0015789473684,4,14,0.006119007370477363,0,Low
C01846,Astra Lumen,Standard,2026-09-01,2,6,2,340.001,3,24,0.04845481831563066,0,Low
C01847,Luna Solace,Business,2026-09-01,6,2,9,1209.8952941176472,4,7,0.007368865674598418,0,Low
C01848,Cygnus Spectra,Standard,2026-09-01,5,5,5,211.93666666666667,3,18,0.01630974196925617,0,Low
C01849,Cygnus Rune,Standard,2026-09-01,1,1,2,243.3175,2,9,0.18740751900311836,1,High
C01850,Elara Cosmos,Standard,2026-09-01,4,4,4,239.94166666666666,3,13,0.032584487459918585,0,Low
C01851,Andromeda Zen,Student,2026-09-01,2,7,4,148.78692307692307,3,8,0.023634783188705356,0,Low
C01852,Cygnus Vale,Standard,2026-09-01,10,6,5,226.28190476190477,4,5,0.004619572302959427,0,Low
C01853,Cosmo Comet,Standard,2026-09-01,9,3,4,314.111875,3,6,0.015841864133600142,0,Low
C01854,Orion Drift,Business,2026-09-01,9,7,2,1225.3683333333333,4,6,0.007989810059308752,0,Low
C01855,Nova Spectra,Standard,2026-09-01,7,5,2,395.1771428571429,3,20,0.023824984325102685,0,Low
C01856,Atlas Vex,Standard,2026-09-01,1,2,0,344.9033333333333,1,44,0.240730624940582,1,High
C01857,Cygnus Cosmos,Standard,2026-09-01,6,3,3,341.7,4,8,0.03431877927394184,0,Low
C01858,Orion Vex,Standard,2026-09-01,2,2,5,342.42,4,6,0.054402294221746736,0,Medium
C01859,Zenith Cosmos,Standard,2026-09-01,2,3,1,266.61833333333334,2,16,0.13115660471279977,0,Medium
C01860,Stella Drift,Standard,2026-09-01,2,2,4,216.39125,3,13,0.07561392374493688,0,Medium
C01861,Andromeda Ray,Student,2026-09-01,5,2,3,133.302,3,9,0.05753792774995966,0,Medium
C01862,Phoenix Spectra,Standard,2026-09-01,1,2,1,328.2575,1,9,0.1972303096263615,1,High
C01863,Draco Comet,Student,2026-09-01,3,4,3,100.35,3,10,0.052443223145832614,0,Medium
C01864,Aurora Quill,Business,2026-09-01,3,6,3,1293.1708333333333,3,6,0.025630935799931403,0,Low
C01865,Io Solace,Standard,2026-09-01,5,6,3,206.42642857142857,3,6,0.02193734152846898,0,Low
C01866,Rigel Orbit,Standard,2026-09-01,3,8,2,284.4623076923077,3,8,0.02539051539464828,0,Low
C01867,Cosmo Spectra,Business,2026-09-01,6,1,1,1315.04625,3,19,0.0791705201913732,0,Medium
C01868,Nova Star,Standard,2026-09-01,5,4,3,216.2675,3,10,0.03531650697370644,0,Low
C01869,Io Vector,Standard,2026-09-01,2,4,2,181.61875,3,8,0.07984013867801548,0,Medium
C01870,Stella Nexus,Standard,2026-09-01,10,4,6,360.135,4,5,0.00560093574738908,0,Low
C01871,Zenith Orbit,Premium,2026-09-01,6,11,7,893.7604166666666,4,6,0.0014810755253447327,0,Low
C01872,Nebula Spectra,Premium,2026-09-01,1,2,1,650.6125,1,28,0.1855994479018845,1,High
C01873,Vega Vex,Standard,2026-09-01,4,6,3,341.33307692307693,3,5,0.02580409797615139,0,Low
C01874,Stella Rune,Student,2026-09-01,1,2,0,146.19666666666666,2,38,0.23852468175903416,1,High
C01875,Vega Astro,Standard,2026-09-01,2,8,3,290.02076923076925,3,13,0.02347813832026319,0,Low
C01876,Stella Ray,Student,2026-09-01,2,2,4,110.20125,3,14,0.07716921188639873,0,Medium
C01877,Cosmo Zen,Standard,2026-09-01,7,3,4,293.07928571428573,4,7,0.02204138825707197,0,Low
C01878,Io Lumen,Standard,2026-09-01,1,4,2,220.42714285714285,2,23,0.09906875238270715,0,Medium
C01879,Aria Star,Business,2026-09-01,6,6,7,1116.75,3,5,0.005116615031504564,0,Low
C01880,Stella Spectra,Standard,2026-09-01,3,5,5,382.86538461538464,3,5,0.023158864005885987,0,Low
C01881,Nova Flux,Student,2026-09-01,3,1,3,118.75285714285714,2,16,0.1087356934459018,0,Medium
C01882,Andromeda Comet,Standard,2026-09-01,2,0,0,149.695,2,73,0.2941057228514029,1,High
C01883,Astra Halo,Standard,2026-09-01,4,2,4,272.443,3,16,0.05189378380184111,0,Medium
C01884,Altair Cosmos,Business,2026-09-01,2,1,1,1490.835,2,18,0.16023753087515683,1,High
C01885,Luna Pulse,Standard,2026-09-01,13,7,7,319.0003703703704,3,11,0.001215247110831252,0,Low
C01886,Titan Flux,Standard,2026-09-01,6,6,4,302.936875,3,5,0.013607581163870498,0,Low
C01887,Quasar Astro,Student,2026-09-01,0,0,0,0.0,0,96,0.41311455591447604,1,High
C01888,Cosmo Vex,Standard,2026-09-01,5,2,4,253.1818181818182,3,10,0.043381717150360016,0,Low
C01889,Altair Flux,Premium,2026-09-01,2,1,1,518.0475,2,13,0.19012165940681972,1,High
C01890,Lyra Solace,Standard,2026-09-01,2,2,0,223.5825,2,41,0.20219104627518444,1,High
C01891,Io Astro,Standard,2026-09-01,11,8,3,350.15,3,9,0.0041156969558002205,0,Low
C01892,Rigel Echo,Student,2026-09-01,6,3,0,92.62,3,46,0.08109359921007443,0,Medium
C01893,Atlas Astro,Premium,2026-09-01,2,8,3,735.6923076923077,3,15,0.021399327579539214,0,Low
C01894,Vega Vector,Standard,2026-09-01,6,7,3,273.636875,3,6,0.01402571437534678,0,Low
C01895,Luna Vex,Standard,2026-09-01,1,1,0,171.8,1,55,0.2953591433742473,1,High
C01896,Cosmo Pulse,Standard,2026-09-01,9,3,3,318.428,4,17,0.01947742666898908,0,Low
C01897,Draco Astro,Standard,2026-09-01,4,5,7,310.880625,3,13,0.011346673315792227,0,Low
C01898,Phoenix Astro,Student,2026-09-01,7,2,3,169.935,2,10,0.04161940077538755,0,Low
C01899,Luna Spectra,Premium,2026-09-01,5,4,7,955.174375,3,5,0.010476366585239004,0,Low
C01900,Phoenix Drift,Business,2026-09-01,7,6,4,1543.3464705882352,3,5,0.008665454083665012,0,Low
C01901,Luna Nexus,Business,2026-09-01,11,8,9,1533.0607142857143,4,7,0.0005964603077794996,0,Low
C01902,Rigel Quill,Standard,2026-09-01,9,6,10,280.3036,4,8,0.001429356053971301,0,Low
C01903,Zenith Rune,Standard,2026-09-01,1,7,8,232.436875,3,5,0.009662702936614549,0,Low
C01904,Aurora Lumen,Standard,2026-09-01,7,3,9,362.57105263157894,4,8,0.005676364953719129,0,Low
C01905,Lyra Drift,Premium,2026-09-01,10,2,1,891.2315384615384,3,12,0.03273666602091231,0,Low
C01906,Draco Cosmos,Business,2026-09-01,3,8,5,1729.7275,4,6,0.007976636460621361,0,Low
C01907,Cosmo Spectra,Business,2026-09-01,10,5,2,1321.3494117647058,4,15,0.010497133673280094,0,Low
C01908,Quasar Solace,Standard,2026-09-01,0,0,1,221.65,1,22,0.3322257413610101,1,High
C01909,Draco Cosmos,Standard,2026-09-01,2,2,2,201.35166666666666,2,14,0.1299816118899025,0,Medium
C01910,Andromeda Rune,Standard,2026-09-01,4,2,1,436.3014285714286,2,14,0.11225489691554534,0,Medium
C01911,Zenith Astro,Standard,2026-09-01,1,0,3,358.975,3,12,0.17169456391154067,1,High
C01912,Sol Solace,Standard,2026-09-01,4,5,3,391.73333333333335,3,8,0.03241795047410666,0,Low
C01913,Nova Rune,Student,2026-09-01,4,4,0,136.69375,2,35,0.09670384186387404,0,Medium
C01914,Zenith Echo,Standard,2026-09-01,4,4,3,355.30636363636364,2,13,0.04363783812723252,0,Low
C01915,Quasar Comet,Standard,2026-09-01,2,4,0,211.895,3,30,0.12832138448501737,0,Medium
C01916,Cosmo Vector,Student,2026-09-01,0,3,4,85.87142857142857,3,17,0.08823615107054224,0,Medium
C01917,Elara Star,Standard,2026-09-01,6,3,6,285.346,3,8,0.016563723412119775,0,Low
C01918,Sol Lumen,Business,2026-09-01,5,5,5,1881.2873333333334,4,5,0.010949939216297926,0,Low
C01919,Io Cosmos,Standard,2026-09-01,6,9,1,305.59,4,19,0.0137768031865096,0,Low
C01920,Orion Zen,Standard,2026-09-01,7,13,3,323.6191304347826,4,5,0.0024870812359476654,0,Low
C01921,Vega Vector,Premium,2026-09-01,8,2,5,925.4273333333333,4,5,0.015602723471072591,0,Low
C01922,Altair Quill,Standard,2026-09-01,1,0,1,310.415,1,18,0.2870430342731053,1,High
C01923,Cygnus Star,Student,2026-09-01,1,2,5,107.0925,3,8,0.0720401713135597,0,Medium
C01924,Rigel Nexus,Standard,2026-09-01,6,6,4,263.06875,3,5,0.013721018354897765,0,Low
C01925,Vega Cosmos,Standard,2026-09-01,4,7,1,330.345,3,29,0.034183450024662665,0,Low
C01926,Rigel Comet,Premium,2026-09-01,8,7,6,1098.1004761904762,4,7,0.003377653995491102,0,Low
C01927,Cygnus Zen,Student,2026-09-01,4,5,3,97.33083333333333,2,11,0.03630724655787693,0,Low
C01928,Astra Vale,Standard,2026-09-01,0,0,4,386.635,2,9,0.16807947260365644,1,High
C01929,Aurora Cosmos,Standard,2026-09-01,3,2,1,365.0366666666667,2,5,0.1352766359990256,0,Medium
C01930,Zenith Halo,Business,2026-09-01,4,8,6,1205.8905555555555,3,7,0.0059242782750956,0,Low
C01931,Orion Rune,Business,2026-09-01,10,14,6,1360.4073333333333,3,6,0.0004087521663255378,0,Low
C01932,Titan Meteor,Standard,2026-09-01,1,0,0,185.05,1,65,0.34767333438562265,1,High
C01933,Altair Vector,Standard,2026-09-01,3,2,2,307.4685714285714,2,9,0.10754528810109161,0,Medium
C01934,Stella Astro,Premium,2026-09-01,5,3,5,1073.173076923077,3,6,0.02224006999793102,0,Low
C01935,Altair Zen,Business,2026-09-01,7,6,2,1586.202,3,11,0.01466184296176125,0,Low
C01936,Draco Echo,Standard,2026-09-01,6,1,6,293.8776923076923,3,5,0.02683079952815416,0,Low
C01937,Zenith Halo,Premium,2026-09-01,8,6,2,980.4375,3,10,0.013736230971291253,0,Low
C01938,Lyra Zen,Standard,2026-09-01,4,7,5,266.550625,3,8,0.01205159951138329,0,Low
C01939,Elara Ray,Standard,2026-09-01,3,5,1,408.08,2,14,0.06863768910284901,0,Medium
C01940,Quasar Nexus,Business,2026-09-01,7,9,5,1320.2752380952381,4,7,0.003136330542827056,0,Low
C01941,Io Flux,Standard,2026-09-01,3,2,6,344.7763636363636,3,6,0.03676862294663764,0,Low
C01942,Zenith Pulse,Business,2026-09-01,9,10,7,1835.9138461538462,4,5,0.0008679467309258329,0,Low
C01943,Elara Ray,Standard,2026-09-01,3,5,4,458.33166666666665,4,21,0.02796229051948103,0,Low
C01944,Altair Astro,Standard,2026-09-01,2,3,4,222.9488888888889,4,9,0.05697750089145508,0,Medium
C01945,Astra Quill,Standard,2026-09-01,1,5,1,312.22857142857146,2,12,0.09993019832503318,0,Medium
C01946,Aria Vector,Standard,2026-09-01,7,9,1,296.46,3,22,0.012030579428515008,0,Low
C01947,Stella Ray,Standard,2026-09-01,3,1,6,282.222,2,7,0.04974786322471424,0,Low
C01948,Orion Vector,Standard,2026-09-01,4,3,0,496.9014285714286,3,36,0.10713310883270107,0,Medium
C01949,Aurora Cosmos,Standard,2026-09-01,1,8,3,375.5733333333333,3,8,0.027930541868298613,0,Low
C01950,Sol Nexus,Standard,2026-09-01,7,7,3,278.91705882352943,4,9,0.010925294356451036,0,Low
C01951,Orion Astro,Business,2026-09-01,8,9,3,1273.564,4,20,0.004461888241395973,0,Low
C01952,Orion Solace,Standard,2026-09-01,5,2,6,310.6192307692308,3,11,0.025354166884676014,0,Low
C01953,Astra Meteor,Standard,2026-09-01,7,7,5,313.9294736842105,3,14,0.006680138029659344,0,Low
C01954,Titan Void,Standard,2026-09-01,5,3,10,296.93055555555554,3,5,0.006845608986196167,0,Low
C01955,Nebula Lumen,Standard,2026-09-01,9,1,2,339.3041666666667,3,17,0.04303335112664307,0,Low
C01956,Aria Lumen,Standard,2026-09-01,1,0,3,414.04,2,7,0.17841608299484837,1,High
C01957,Titan Echo,Standard,2026-09-01,3,3,5,348.5672727272727,3,7,0.03761739527520216,0,Low
C01958,Phoenix Vector,Business,2026-09-01,6,3,5,1415.2757142857142,3,13,0.01707994683401683,0,Low
C01959,Nova Orbit,Business,2026-09-01,5,5,1,1403.3090909090909,3,24,0.03672849680534512,0,Low
C01960,Nova Meteor,Business,2026-09-01,9,6,3,1576.3672222222222,3,8,0.007652875991046773,0,Low
C01961,Astra Zen,Standard,2026-09-01,5,3,7,339.91133333333335,2,5,0.016061265323639815,0,Low
C01962,Nebula Echo,Standard,2026-09-01,5,1,0,312.18,3,45,0.14360824657718838,0,Medium
C01963,Vega Star,Standard,2026-09-01,3,0,3,237.31666666666666,2,11,0.13237442973424543,0,Medium
C01964,Sol Spectra,Standard,2026-09-01,4,8,4,289.215625,4,19,0.011580779994441777,0,Low
C01965,Zenith Star,Business,2026-09-01,10,6,4,1655.31,3,8,0.00473653956065397,0,Low
C01966,Sol Spectra,Student,2026-09-01,4,2,2,151.2275,3,10,0.08833253550749552,0,Medium
C01967,Stella Echo,Standard,2026-09-01,5,0,7,272.8425,3,6,0.03175583145990395,0,Low
C01968,Aurora Lumen,Standard,2026-09-01,7,5,4,366.85,4,22,0.013291595760623871,0,Low
C01969,Elara Astro,Business,2026-09-01,4,4,6,1382.815,3,5,0.015182093526524741,0,Low
C01970,Cygnus Nexus,Standard,2026-09-01,1,0,0,398.21,1,87,0.3356995431173348,1,High
C01971,Elara Solace,Business,2026-09-01,6,10,6,1326.9136363636364,3,14,0.0023919418083480307,0,Low
C01972,Orion Solace,Student,2026-09-01,6,7,5,137.82722222222222,3,5,0.008434483274449485,0,Low
C01973,Cygnus Solace,Standard,2026-09-01,6,5,6,360.45176470588234,3,7,0.010022712584253418,0,Low
C01974,Calypso Flux,Premium,2026-09-01,1,3,3,803.5942857142857,2,9,0.08703650887754444,0,Medium
C01975,Andromeda Halo,Standard,2026-09-01,5,6,4,317.0,4,13,0.015500176574310819,0,Low
C01976,Nebula Quill,Standard,2026-09-01,8,1,3,240.7075,4,8,0.038748902975774165,0,Low
C01977,Vega Vale,Standard,2026-09-01,2,5,3,301.827,3,6,0.04799210328274556,0,Low
C01978,Nova Vale,Standard,2026-09-01,2,6,3,418.00272727272727,3,12,0.03693136667247604,0,Low
C01979,Aria Spectra,Standard,2026-09-01,5,3,2,370.046,3,26,0.05585520779069845,0,Medium
C01980,Atlas Gravity,Standard,2026-09-01,5,4,4,285.9153846153846,3,13,0.026729129565775115,0,Low
C01981,Orion Zen,Standard,2026-09-01,6,4,5,398.1286666666667,4,14,0.01565295760292852,0,Low
C01982,Elara Rune,Business,2026-09-01,8,11,4,1368.6295652173912,4,13,0.0020450171428957756,0,Low
C01983,Altair Cosmos,Student,2026-09-01,7,1,1,97.35,3,28,0.08360256124020775,0,Medium
C01984,Cosmo Void,Standard,2026-09-01,4,4,5,256.2123076923077,3,6,0.025007867678441726,0,Low
C01985,Lyra Star,Business,2026-09-01,8,4,9,1861.3185714285714,3,6,0.0028254044451690627,0,Low
C01986,Elara Cosmos,Standard,2026-09-01,5,5,0,296.108,3,34,0.05923694680219943,0,Medium
C01987,Aria Spectra,Standard,2026-09-01,5,5,5,372.90933333333334,3,5,0.01584910139027403,0,Low
C01988,Stella Vector,Business,2026-09-01,2,1,1,1471.2125,2,9,0.16125084101845327,1,High
C01989,Stella Vex,Premium,2026-09-01,6,5,1,914.505,4,8,0.0320366638345992,0,Low
C01990,Altair Nexus,Standard,2026-09-01,2,2,1,290.58,2,15,0.16128460627950447,1,High
C01991,Nebula Vale,Standard,2026-09-01,3,3,0,344.42833333333334,3,34,0.13090091378629315,0,Medium
C01992,Quasar Nexus,Student,2026-09-01,3,6,4,117.02615384615385,3,5,0.025063841668572673,0,Low
C01993,Io Rune,Premium,2026-09-01,5,6,5,1028.60625,4,6,0.010246441223892004,0,Low
C01994,Titan Comet,Standard,2026-09-01,7,3,0,246.789,3,33,0.06600918072758821,0,Medium
C01995,Aurora Lumen,Student,2026-09-01,5,4,3,114.195,3,10,0.03605806488756183,0,Low
C01996,Aurora Zen,Standard,2026-09-01,1,0,2,242.88,2,16,0.22745855339944357,1,High
C01997,Nebula Astro,Student,2026-09-01,4,3,1,127.1275,3,12,0.09071386675399094,0,Medium
C01998,Andromeda Lumen,Standard,2026-09-01,3,6,2,298.8909090909091,4,7,0.03867470613288505,0,Low
C01999,Vega Nexus,Standard,2026-09-01,3,5,1,233.98111111111112,3,16,0.06735151691039107,0,Medium
C02000,Aria Vector,Standard,2026-09-01,5,4,3,369.2033333333333,2,11,0.036130857558406296,0,Low
